Country,Emissions Classifier,Emissions Percentile,2019 CO2 Level (Training Data),CO2Avg (Metric Tons/Capita),CO2Growth Avg.,GDP Avg. (Billion $),GDP Growth Avg.,Population Avg. (million),Population Growth Avg.,HDI Avg.,HDI Growth Avg.,"Average % of GDP of Ag, For, Fish(Agriculture)","Average % of GDP of Ag, For, Fish(Agriculture) Growth Rate Avg.",Export Fuel and Mining Avg.,Export Fuel and Mining Growth Rate Avg.,Export Manufactures Avg.,Export Manufactures Growth Rate Avg.,Import Fuel and Mining Avg.,Import Fuel and Mining Growth Avg.,Import Manufactures Millions($) Avg.,Import Manufactures Millions($) Growth Avg.,Inflation Rate Avg.,Inflation Rate Growth Rate Avg.
Afghanistan,Low,0.095,0.206928,0.216,-0.0579,536.92,-0.0524,35.33,0.0287,0.5034,0.005192,-0.01883,-0.01555,46,0,56.4,-9.31%,1515.2,-16.09%,2053.6,27.22%,279.97%,-197.46%
Angola,Low,0.326,0.966977,1.139,-0.0761,4093.38,-0.1118,28.86,0.0344,0.5758,0.009563,0.21214,0.047472,38023.8,-6.80%,938,0,1861.4,4.46%,11426.6,-10.74%,1931.97%,41.42%
Albania,Low,0.416,1.913143,1.834,0.0293,4494.83,0.0305,2.88,-0.002,0.789,0.002547,-0.31214,-0.0123,532.2,-6.84%,1524,11.36%,698.2,1.38%,3456.6,6.82%,176.97%,-134.76%
United Arab Emirates,High,0.984,20.62837,20.991,0.007,41008.24,0.004,9.39,0.0093,0.8098,0.003969,0.01585,0.019251,89480.2,8.00%,103127.8,6.96%,15019,15.77%,164386.8,1.69%,261.38%,40.78%
Argentina,Medium,0.642,4.033059,4.167,-0.0183,13064.46,-0.0294,43.59,0.0106,0.84,0.001675,-0.43496,-0.07539,3612,-11.41%,16063.8,-12.06%,8482.8,-7.20%,50673.4,-1.57%,0,0
Armenia,Low,0.411,1.880519,1.824,-0.0027,3864.08,0.0165,2.93,0.0037,0.7676,0.002355,-0.82594,-0.05775,703.4,7.49%,496.2,14.41%,764.6,-4.60%,2276,9.42%,175.98%,-34.02%
Antigua and Barbuda,Medium,0.705,5.440873,5.291,0.0136,15009.76,0.0497,0.09,0.0102,0.7654,0.00314,0.01603,-0.0362,1,0,25,9.42%,50.4,-41.99%,307.4,13.92%,104.17%,-161.22%
Australia,High,0.963,15.53159,15.726,-0.0118,56043.1,-0.0395,24.21,0.0155,0.9388,0.002566,0.04737,0.011729,137852,3.26%,27180.4,-0.42%,29391.4,-0.87%,159007.8,1.06%,182.67%,-0.49%
Austria,Medium,0.832,7.167987,7.289,-0.0171,47989.16,-0.0007,8.71,0.0084,0.917,0.003515,-0.01412,-0.02273,8777.6,1.26%,140451,1.62%,20723,-0.87%,133099,2.44%,149.47%,13.00%
Azerbaijan,Medium,0.553,3.261542,3.314,-0.0071,5231.86,-0.1322,9.75,0.0109,0.7486,0.005122,-0.02138,-0.00947,17026.4,-5.82%,423.8,-0.46%,522.6,30.51%,6720,1.20%,660.98%,56.11%
Burundi,Low,0.011,0.050159,0.046,0.0366,266.72,-0.0193,10.5,0.0321,0.4356,-0.00043,-1.18926,-0.05971,9,43.54%,21,2.12%,145,0.90%,414.8,2.88%,574.91%,10.58%
Belgium,Medium,0.874,8.152468,8.229,-0.0122,44457.06,0,11.32,0.0049,0.9246,0.00304,-0.00695,-0.02743,50891.6,-1.24%,323101.8,1.24%,69317,-0.79%,297260.2,1.84%,141.09%,50.31%
Benin,Low,0.226,0.658105,0.623,0.06,1166.78,-0.0061,10.88,0.028,0.5338,0.007181,0.48926,0.020492,46.2,16.08%,173,35.76%,527.6,8.58%,1005.4,-0.82%,25.80%,-243.43%
Burkina Faso,Low,0.074,0.207295,0.195,0.0412,734.78,-0.0012,18.66,0.0296,0.429,0.015628,-0.53926,-0.02443,188.6,26.85%,122.8,-1.96%,947.8,3.60%,2148.8,0.70%,86.93%,-60.04%
Bangladesh,Low,0.168,0.49285,0.469,0.0497,1406.16,0.1037,157.95,0.011,0.6042,0.015447,-0.45546,-0.03465,238.6,-7.91%,32739.2,10.71%,4818,18.87%,32186.4,12.59%,598.90%,-5.78%
Bulgaria,Medium,0.763,5.852987,6.001,0.0113,8071.79,0.0372,7.13,-0.0067,0.81,0.002981,-0.23479,-0.06242,6931.6,-1.56%,16471,6.68%,7887,-2.12%,20901.6,5.32%,51.09%,-2.06%
Bahrain,High,0.989,20.19809,21.206,-0.0227,23612.17,-0.0067,1.44,0.0361,0.8454,0.009002,-0.00237,0.006283,11553,1.32%,4420,-6.00%,1785.6,23.33%,8827,8.21%,215.15%,0.22%
"Bahamas, The",Medium,0.779,6.102199,6.138,-0.0795,31848.13,0.0298,0.38,0.0099,0.8094,0.001486,-0.03273,-0.06838,111,-4.47%,315.4,-5.25%,611.8,-0.11%,1720.2,1.91%,136.26%,-95.03%
Bosnia and Herzegovina,Medium,0.8,6.544343,6.29,0.0159,5303.93,0.0298,3.39,-0.0127,0.7684,0.005771,-0.01312,-0.03436,1027.6,3.94%,3937.6,7.85%,1823.8,1.65%,6528.2,5.21%,-25.80%,171.28%
Belarus,Medium,0.774,6.28574,6.031,-0.003,6298.77,-0.0643,9.49,0.0004,0.817,0.002944,-0.14258,-0.01307,8330,-1.60%,15150.2,1.63%,10855.8,-0.46%,17611.6,-0.10%,1087.90%,-21.43%
Belize,Low,0.389,1.697435,1.697,0.0336,4858.58,0.0179,0.37,0.0207,0.712,0.003408,-0.83306,-0.07765,30.6,-14.13%,35.6,15.91%,126.2,2.44%,610.6,8.51%,0,0
Bolivia,Low,0.437,1.977042,1.942,0.0249,3218.84,0.0384,11.03,0.0149,0.7026,0.008624,0.34834,0.027121,6303.6,-4.78%,509.6,-0.31%,1163.4,2.48%,7616.4,2.27%,370.88%,-16.29%
Brazil,Low,0.453,2.133372,2.239,-0.0342,9743.39,-0.0728,206.14,0.0083,0.7586,0.00238,0.01896,-0.00608,45976.4,3.73%,71489.4,-2.07%,34030.2,-3.15%,134436,-2.46%,624.19%,-2.55%
Barbados,Medium,0.658,4.394516,4.437,-0.0384,17010.19,0.015,0.29,0.0016,0.8096,0.000743,0,0,110.6,-0.26%,268.4,3.67%,349.6,-2.53%,909.2,-1.76%,205.45%,-27.64%
Brunei Darussalam,High,0.974,16.71777,15.829,-0.012,32049.68,-0.0825,0.42,0.0119,0.8378,-0.000715,0.03098,0.066483,6191.6,-8.45%,553.8,18.94%,314,3.49%,2514,6.65%,-24.19%,22.12%
Bhutan,Low,0.363,1.724877,1.582,0.0785,2973.1,0.052,0.74,0.0121,0.6356,0.01248,0.29536,0.024648,201.5,0,236,0,219,0,599.5,0,474.32%,-9.47%
Botswana,Medium,0.568,3.596592,3.464,0.0543,7136.2,0.0038,2.17,0.0179,0.7208,0.008146,0.05144,-0.03115,319.8,-34.97%,6210.8,-0.96%,1010.6,-9.90%,4693.8,-2.59%,336.51%,-9.66%
Central African Republic,Low,0.021,0.070015,0.069,0.0092,426.18,0.0403,4.55,0.0096,0.3822,0.017051,-0.54886,-0.00758,7,0,48.2,0,7.8,101.00%,258.6,36.13%,540.80%,39.64%
Canada,High,0.953,15.56845,15.527,-0.0047,45709.12,-0.0278,36.17,0.011,0.9232,0.003265,0.02267,-0.02873,119311.2,-0.06%,209700.2,0.85%,46494.6,-2.24%,333458.2,0.78%,166.51%,28.60%
Switzerland,Medium,0.674,4.49196,4.653,-0.0414,85454.92,-0.0045,8.36,0.0103,0.655,0.002443,-0.01325,-0.00915,7869.8,-6.23%,210323,2.43%,14619,-6.51%,167342.4,2.60%,-2.43%,1652.19%
Chile,Medium,0.668,4.560195,4.586,-0.0055,14577.14,-0.0017,18.23,0.0128,0.844,0.005516,-0.03722,0.006235,36899.4,-0.76%,9295.8,0.21%,11684.2,-2.72%,48413.6,-0.10%,349.43%,22.42%
China,Medium,0.821,7.324368,7.187,0.0016,8493.85,0.0659,1378.66,0.0052,0.7442,0.008423,-0.32009,-0.04908,62205,7.17%,2150353.8,2.51%,443085.6,3.72%,1148391.4,3.16%,180.53%,-0.57%
Cote d'Ivoire,Low,0.158,0.395369,0.404,0.0046,2113.53,0.0327,23.84,0.0256,0.8418,0.004302,1.06136,0.053546,1940.8,-4.27%,1555,-11.91%,2157.6,-0.21%,5709.4,-2.78%,69.37%,0.27%
Cameroon,Low,0.142,0.341811,0.345,0.0042,1490.93,0.0041,23.94,0.0269,0.5518,0.009562,-0.06541,-0.00286,1814.2,64.45%,294.8,-2.30%,1093.6,-16.27%,3424.8,6.72%,141.98%,1.87%
"Congo, Dem. Rep.",Low,0.005,0.033922,0.037,-0.1909,496.66,0.0367,78.85,0.0333,0.573,0.010225,0.09879,-0.00334,6893.75,0,4982.75,0,654.5,0,5177.75,0,162.44%,0
"Congo, Rep.",Low,0.247,0.663456,0.697,-0.0735,2610.33,-0.1085,4.99,0.0256,0.4696,0.013075,0.47238,0.086314,4276.8,33.17%,4454.6,5.48%,248.4,39.14%,7156.2,-11.06%,177.49%,47.61%
Colombia,Low,0.379,1.620414,1.66,-0.0103,6653.46,-0.0494,48.24,0.0132,0.7592,0.005872,0.15575,0.026732,23307.4,-4.17%,8266.4,-3.20%,5597.2,-8.14%,39426.2,-1.77%,459.09%,19.78%
Comoros,Low,0.116,0.292042,0.263,0.043,1356.31,-0.0155,0.8,0.0234,0.5474,0.003664,0.74172,0.017687,0,0,7.4,88.89%,10.8,51.39%,104.6,13.83%,0,0
Cabo Verde,Low,0.305,1.105108,1.038,0.0257,3333.8,-0.004,0.53,0.0122,0.658,0.004903,-0.54476,-0.10059,0,0,8.8,20.80%,90.2,-4.80%,403.4,8.69%,10.50%,-307.90%
Costa Rica,Low,0.368,1.648311,1.628,0.0008,11842.43,0.0294,4.9,0.0106,0.8012,0.00503,-0.08081,-0.01361,147.2,2.07%,5694.2,-1.58%,1878.2,-3.32%,12085,-1.68%,183.01%,-1912.72%
Cyprus,Medium,0.768,6.035093,6.015,0.0167,26224.12,0.0071,1.17,0.0078,0.8932,0.003603,-0.02338,-0.03833,712.4,25.86%,2345.8,30.96%,1652.6,7.01%,5575.6,18.99%,-58.28%,58.99%
Czech Republic,High,0.905,9.607988,9.638,-0.0028,20070.36,0.0262,10.57,0.0022,0.5134,0.017371,-0.09536,-0.04151,6749.8,-2.57%,157375.2,5.55%,15013.6,-1.80%,130435.2,6.99%,118.74%,56.21%
Germany,Medium,0.889,8.668068,8.937,-0.0244,44729.34,0.0035,82.12,0.0055,0.7938,0.007628,-0.04311,-0.07995,69135.2,-1.22%,1243852.4,2.27%,153651.2,-4.06%,865402.2,3.70%,103.09%,26.86%
Dominica,Low,0.495,2.516836,2.495,0.0088,7591.54,0.0161,0.07,0.0017,0.7388,-0.000266,-0.46962,-0.05625,4.5,0,23,0,41.5,0,108.5,0,27.65%,-360.33%
Denmark,Medium,0.753,5.8765,5.994,-0.0449,57933.97,-0.0022,5.72,0.0063,0.9356,0.001285,-0.07118,-0.07791,7485,-6.41%,70940.6,2.07%,7595,-3.54%,68482.2,2.65%,64.54%,47.34%
Dominican Republic,Low,0.458,2.310477,2.264,0.0208,7294.25,0.0497,10.4,0.0113,0.7416,0.009037,-0.00913,-0.00658,663,-2.42%,5082.6,2.25%,3492.6,-0.11%,11322,6.57%,245.87%,18.95%
Algeria,Medium,0.574,3.586568,3.575,0.0101,4373.82,-0.0654,40.56,0.0206,0.742,0.004625,0.31756,0.035378,38797.2,-6.10%,1216.8,36.87%,3067.4,-3.82%,35882.6,-4.19%,479.20%,10.23%
Ecuador,Low,0.474,2.367605,2.405,-0.0172,6214.22,0.0072,16.5,0.0169,0.76,0.00213,-0.03545,0.003561,8449.2,-3.75%,1291.8,-2.55%,4608.6,-1.19%,14703,-1.54%,189.55%,-48.72%
"Egypt, Arab Rep.",Low,0.484,2.480817,2.459,0.0099,3088.76,-0.0659,94.44,0.0217,0.6942,0.005219,-0.02254,-0.0011,6161.8,4.17%,12596.6,1.31%,13450,7.61%,35131.4,2.90%,1563.25%,20.99%
Spain,Medium,0.711,5.453094,5.438,0.0107,28029.85,0.0058,46.56,0.0008,0.4258,0.0005,0.04425,0.009255,33861.4,3.04%,218969.6,2.27%,62921.2,-0.72%,237573.2,5.39%,55.54%,-203.60%
Estonia,High,0.926,12.39367,12.319,-0.04,19870.33,0.0325,1.32,0.0006,0.4554,0.004505,-0.18865,-0.07909,1872,13.50%,10319.8,0.35%,2153.2,10.60%,12147.2,0.74%,128.07%,465.71%
Ethiopia,Low,0.058,0.14438,0.138,0.0611,692.93,0.0823,103.63,0.0275,0.5878,0.017783,-1.4817,-0.0582,11,-14.19%,285.8,0.64%,1908.6,-1.28%,11052.8,1.92%,951.99%,18.22%
Finland,Medium,0.868,8.124576,8.087,-0.0298,46618.26,-0.0033,5.49,0.0028,0.738,0.003819,-0.00233,0.001058,9443.8,0.78%,48699,3.03%,14309.8,-0.49%,45764.4,3.17%,60.56%,-53.19%
Fiji,Low,0.426,2.022834,1.892,0.0938,5813.21,0.0501,0.87,0.0041,0.4672,0.013506,0.56161,0.001213,227,-3.62%,249.4,5.36%,549.6,1.26%,1518.6,2.45%,263.73%,54.43%
France,Medium,0.679,4.613868,4.658,-0.0211,39388.91,-0.0083,66.68,0.0029,0.9324,0.001933,0.0185,0.021811,29302.6,-0.34%,429481.6,0.77%,82109,-3.92%,470339.8,1.50%,72.23%,159.45%
"Micronesia, Fed. Sts.",Low,0.353,1.53901,1.469,0.0362,3150.15,0.0335,0.11,0.0124,0.74,0.002979,-0.47808,-0.03721,0,0,0,0,0,0,0,0,35.95%,6.65%
Gabon,Medium,0.505,2.324144,2.606,-0.0794,7844.4,-0.0485,2,0.0313,0.8954,0.002018,0.36295,0.092139,5137.2,-2.24%,203.8,13.41%,136.8,8.44%,2243.6,-4.26%,277.19%,20.78%
United Kingdom,Medium,0.742,5.603286,5.858,-0.0556,43839.21,-0.0026,65.57,0.0072,0.7064,0.007126,-0.03398,-0.02685,55418.6,-0.73%,332560.4,1.13%,76076.4,-2.13%,464632,1.95%,153.56%,41.19%
Georgia,Low,0.489,2.486281,2.491,0.0356,4379.07,0.0001,3.73,0.0005,0.4762,0.008431,-0.3528,-0.05295,507.8,17.19%,1287,3.44%,1618,3.37%,5238.2,4.28%,357.16%,-117.90%
Ghana,Low,0.184,0.538528,0.523,-0.0102,2018.69,-0.0151,28.49,0.0227,0.941,0.002342,-0.28944,-0.0246,3755.4,30.18%,1059,-3.61%,346.8,4.38%,8656.4,-0.69%,1405.50%,-4.15%
Guinea,Low,0.1,0.241234,0.232,0.0438,819.89,0.0395,11.76,0.0265,0.653,0.01146,0.96042,0.044716,2174.2,59.58%,158.8,-30.50%,386.6,33.40%,1989.8,36.14%,896.11%,1.47%
"Gambia, The",Low,0.111,0.251374,0.25,0.0199,674.28,0.0054,2.15,0.0303,0.6896,0.007038,-0.51745,-0.0585,1.2,0,30.6,-30.11%,100.2,14.75%,153.2,14.90%,690.81%,3.46%
Greece,Medium,0.789,6.143576,6.234,-0.0168,19171.98,-0.0235,10.8,-0.0043,0.5972,0.006744,0.01025,0.011419,13521.4,3.61%,11700.2,4.36%,17568.8,1.13%,29101.6,4.10%,-42.52%,-51.57%
Grenada,Medium,0.5,2.612588,2.521,-0.0266,9542.91,0.0572,0.11,0.006,0.8772,0.003218,-0.17924,0.000382,0.2,0,10,11.92%,79.4,2.98%,198,9.70%,37.28%,322.25%
Guatemala,Low,0.311,1.073453,1.041,0.047,4176.01,0.0466,16.58,0.0203,0.77,0.003403,-0.12386,-0.01846,1043.4,-7.02%,4500.6,2.73%,3088.8,1.83%,12166.2,2.57%,368.64%,3.81%
Guyana,Medium,0.532,3.045465,2.898,0.0351,5813.23,0.022,0.77,0.0051,0.4666,0.008706,-1.01166,-0.06364,128,0.50%,161,54.84%,456,2.13%,1020,12.18%,77.49%,-72.18%
Honduras,Low,0.3,1.026491,1.025,-0.0095,2346.54,0.0347,9.27,0.0173,0.5002,0.00848,-0.18564,-0.01096,131.6,18.88%,4938.6,2.10%,1469.2,-5.10%,7381,3.58%,405.87%,2.29%
Croatia,Medium,0.626,4.015791,4.035,0.0019,13416.07,0.0149,4.17,-0.008,0.774,0.003888,0.00048,-0.03483,2147.8,3.20%,9627.2,7.87%,4022,-1.27%,16242.6,7.74%,16.50%,-3.84%
Haiti,Low,0.132,0.297515,0.304,0.0248,1392.16,0.0048,10.84,0.0135,0.6756,0.004171,0.16182,-0.00837,5.8,0,909.4,3.36%,816.4,5.02%,2025.4,11.98%,896.69%,29.71%
Hungary,Medium,0.663,4.620003,4.512,0.0275,14235.6,0.0319,9.82,-0.0024,0.6246,0.006447,-0.08977,-0.02416,4922.4,10.40%,94630.4,3.58%,11807,3.63%,84536.8,4.93%,106.08%,-82.04%
Indonesia,Low,0.442,2.126929,1.981,0.0363,3623.52,0.013,261.48,0.0123,0.939,0.004068,-0.10565,-0.00853,47966.6,-2.65%,70659.6,2.89%,34603.4,-1.83%,102241.2,2.50%,465.82%,-10.67%
India,Low,0.384,1.769726,1.692,0.0309,1777.93,0.0611,1324.31,0.011,0.844,0.002611,-0.16436,-0.01458,51259.6,-1.22%,198938.4,3.74%,157829.4,2.93%,205693.8,6.63%,475.56%,-15.89%
Ireland,Medium,0.858,7.625952,7.814,-0.0031,65800.61,0.0814,4.76,0.0103,0.7808,0.003619,-0.07144,-0.06752,2756.6,3.04%,117479.2,8.75%,7232.6,-1.84%,68839.4,15.75%,14.60%,723.46%
"Iran, Islamic Rep.",Medium,0.847,7.731029,7.711,-0.0015,4972.42,-0.1271,79.6,0.0135,0.6304,0.012294,0.03082,0.00229,48652.2,8.24%,19086,5.92%,1184.8,7.69%,31261.2,1.41%,1247.91%,2.71%
Iraq,Medium,0.689,4.897443,4.742,-0.0012,5355.59,-0.0535,36.52,0.03,0.7014,0.007177,-0.42272,-0.1181,64284.6,3.78%,77,-15.36%,4583.666667,0,32109,0,94.75%,-9.21%
Iceland,Medium,0.795,6.242124,6.243,-0.0011,63199.26,0.0749,0.34,0.0173,0.9358,0.006028,-0.27102,-0.08759,2040,4.82%,616.8,1.07%,1530.2,8.46%,3962,11.01%,196.36%,-1.45%
Israel,Medium,0.842,7.1564,7.592,-0.0362,38764.79,0.0269,8.55,0.0196,0.6576,0.007641,-0.00297,-0.01848,1563.4,5.84%,58610.2,-1.56%,9669.6,-3.11%,52515.2,3.28%,7.37%,-44.93%
Italy,Medium,0.716,5.378562,5.453,-0.0141,32724.06,-0.0088,60.62,0.0006,0.9408,0.007312,-0.01049,-0.02067,28250,-0.09%,415780,1.81%,79630.2,-2.37%,306082.4,3.54%,51.00%,-383.67%
Jamaica,Medium,0.516,2.834465,2.625,0.0143,5003.21,0.0137,2.91,0.0053,0.9122,0.002421,0.12395,0.019313,980.6,10.73%,109.4,-8.02%,1432.2,-1.84%,2976.6,5.05%,448.63%,-6.31%
Jordan,Medium,0.526,2.556719,2.671,-0.0251,4202.12,0.0125,9.49,0.0317,0.7318,0.001369,0.1744,0.057764,605,3.54%,5741.8,0.53%,4376.4,-1.42%,11211,0.65%,180.61%,-134.82%
Japan,Medium,0.9,8.910617,9.186,-0.0251,38307.21,-0.0082,126.95,-0.0014,0.8848,0.002036,0.01002,-0.00567,29129.4,-1.71%,591682,0.68%,207135.8,-3.74%,395970,1.63%,98.01%,32.03%
Kazakhstan,High,0.921,12.02378,12.15,-0.0508,10018.62,-0.0884,17.79,0.0141,0.9116,0.003305,0.01326,-0.00588,44204.8,-2.05%,7312.2,-0.53%,2950.2,-4.38%,25085.4,-6.41%,827.55%,12.87%
Kenya,Low,0.147,0.350791,0.359,0.027,1575.92,0.0541,49.05,0.0246,0.7284,-0.000272,0.39341,0.01676,740.8,27.85%,1818.6,-4.03%,3145,0.97%,10794,2.32%,649.06%,-0.52%
Kyrgyz Republic,Low,0.374,1.724579,1.646,0.0087,1214.49,0.0008,6.08,0.0203,0.6914,0.004665,-0.60868,-0.04686,237.6,24.91%,423.4,1.94%,820.6,1.59%,3131,1.97%,382.89%,114.28%
Cambodia,Low,0.211,0.636234,0.602,0.1121,1284.68,0.0769,15.76,0.0158,0.5756,0.009136,-1.37167,-0.07504,22,27.77%,9027.8,14.51%,1173.8,75.38%,10101.6,15.36%,269.41%,18.08%
Kiribati,Low,0.237,0.662179,0.638,0.0364,1627.72,0.0003,0.11,0.0143,0.8092,0.006985,1.08324,0.040027,0.6,0,1.6,0,12.6,-9.68%,59.4,14.16%,110.26%,-20.37%
St. Kitts and Nevis,Medium,0.684,4.872529,4.726,0.0153,19314.71,0.0404,0.05,0.0082,0.7752,0.002593,0.0029,-0.02507,0,0,31,-0.10%,7.8,51.24%,222.4,5.66%,-61.67%,-325.37%
"Korea, Rep.",High,0.916,12.08918,11.968,0.006,30462.09,0.0399,51.19,0.0046,0.6238,0.00652,-0.06205,-0.03782,50994.6,1.47%,490216,2.20%,155670.8,0.19%,283992.2,3.73%,127.46%,13.39%
Kuwait,High,0.995,21.82711,22.411,-0.0229,32948.72,-0.0993,3.94,0.0325,0.8026,0.003508,-0.00067,0.035126,59974.4,-4.79%,4993.2,0.55%,1092.4,10.77%,25789.4,3.90%,241.88%,-17.68%
Lao PDR,Low,0.432,2.261864,1.903,0.2336,2297.74,0.0653,6.85,0.0154,0.6018,0.009123,-0.42792,-0.027,1752.8,23.44%,907.8,22.73%,772.6,7.98%,3750.6,13.91%,197.39%,3.93%
Lebanon,Medium,0.637,4.028438,4.12,0.0048,7776.69,0.0029,6.63,0.0299,0.7456,-0.002632,-0.16043,-0.0481,280,-6.82%,1603.8,-1.26%,4438.6,-3.40%,10728.6,-0.25%,154.41%,-210.76%
Libya,Medium,0.884,8.936956,8.623,-0.0003,5694.77,-0.12,6.51,0.0111,0.7094,-0.010238,0,0,17485.4,8.66%,317,-2.95%,1755.333333,0,5126.333333,0,0,0
St. Lucia,Low,0.447,2.11912,2.055,0.032,10537.52,0.0374,0.18,0.0049,0.505,0.004829,-0.08546,-0.08619,22.6,13.19%,63.2,-15.34%,128.8,2.55%,335.4,3.13%,29.96%,331.68%
Sri Lanka,Low,0.289,0.967933,0.987,0.0636,3937.12,0.0229,21.21,0.0103,0.898,0.005164,0.00344,0.007566,336.2,66.83%,7582.2,2.87%,3583.8,2.13%,13370.2,6.04%,414.91%,-1.61%
Lesotho,Low,0.326,1.201269,1.139,0.0146,1131,0.0015,2.08,0.0077,0.5104,0.013155,0.07217,-0.05748,115.8,546.72%,500.6,26.73%,208,6.25%,950.2,-4.67%,487.69%,9.91%
Lithuania,Medium,0.621,4.050303,3.905,0.0149,16365.58,0.0339,2.87,-0.0108,0.8674,0.006763,-0.10871,-0.0482,5036.4,-4.30%,18030,4.57%,6838,-3.65%,19971.2,5.43%,130.92%,-192.20%
Luxembourg,High,0.968,15.7334,15.804,-0.041,112575.81,-0.0079,0.58,0.0227,0.909,0.002873,-0.01129,-0.03252,790.2,-0.12%,14058,-2.63%,3475.4,-2.42%,17111.6,-1.47%,93.06%,71.29%
Latvia,Medium,0.6,3.897602,3.725,0.0128,15467.41,0.0302,1.96,-0.0086,0.854,0.005657,0.0106,0.022463,1056.2,-2.64%,8483.2,4.47%,1970.6,-2.89%,11419.8,4.32%,128.00%,-65.52%
Morocco,Low,0.405,1.838322,1.822,0.0086,3041.22,0.005,35.12,0.0134,0.4394,0.016255,0.11121,-0.02133,2214.4,-8.33%,17063.4,8.16%,9541.6,-1.43%,28761.4,5.82%,123.88%,53.18%
Moldova,Medium,0.537,3.077202,2.913,0.0454,3336.35,0.037,2.79,-0.0109,0.7318,0.002211,-0.39077,-0.02545,43.2,-5.66%,1210.4,3.99%,647.8,3.38%,3122.4,3.83%,614.79%,3.24%
Madagascar,Low,0.047,0.128515,0.132,-0.0003,502.66,-0.0088,24.91,0.0272,0.5236,0.00384,-0.3744,-0.02022,740,11.68%,723.6,5.58%,692.8,3.28%,1969.8,11.86%,734.47%,10.02%
Maldives,Medium,0.563,3.588201,3.429,0.0553,9319.72,0.0504,0.48,0.0441,0.727,0.00696,-0.01427,-0.00737,2.8,3.33%,0.4,0,463,7.85%,1294,17.95%,125.20%,41.87%
Mexico,Medium,0.611,3.754795,3.819,-0.0113,9652.98,-0.0236,123.3,0.0121,0.6128,0.004273,0.05034,0.014766,35645.2,-4.42%,320487.8,4.75%,41010,8.50%,324506.6,3.31%,410.04%,14.44%
North Macedonia,Medium,0.579,3.592391,3.656,-0.0248,5413.22,0.027,2.08,0.0007,0.8126,0.003506,-0.34143,-0.03731,342.2,8.19%,4417.2,12.87%,1920.2,6.05%,4644.8,8.63%,39.78%,-156.16%
Mali,Low,0.105,0.272516,0.239,0.0857,821.06,0.0183,17.99,0.0301,0.4232,0.008592,0.03114,0.004574,19.8,-14.93%,278.4,0.64%,1075.2,4.04%,2330,4.17%,51.89%,-137.27%
Malta,Medium,0.595,3.640212,3.705,-0.1333,27268.06,0.04,0.46,0.0262,0.8842,0.006153,-0.05122,-0.08636,380.8,6.03%,2220.8,-1.07%,1547.2,5.27%,4021.4,2.53%,91.51%,47.30%
Myanmar,Low,0.163,0.549581,0.459,0.149,1188.95,0.0125,53.02,0.0071,0.6394,0.006651,-1.12577,-0.05499,4452,4.55%,3966,30.11%,2975.2,25.68%,11742,7.77%,655.62%,13.64%
Montenegro,Medium,0.584,3.95402,3.677,0.0171,7510.31,0.0367,0.62,0.0003,0.666,0.01094,-0.27352,-0.03677,198.4,-1.65%,101,10.44%,324.2,1.23%,1538.6,8.67%,111.17%,-307.01%
Mongolia,Medium,0.784,6.612685,6.171,0.0092,3907.24,-0.0123,3.06,0.0193,0.819,0.003673,-0.38264,-0.03527,4665,14.77%,162.8,4.99%,1056,0.72%,2885.8,2.13%,596.93%,83.05%
Mozambique,Low,0.079,0.214102,0.204,0.0925,531.5,-0.0699,27.86,0.0291,0.5642,0.012923,0.12655,0.007778,2935.8,14.04%,509.6,31.18%,1745,-5.63%,4075.2,-5.37%,851.06%,60.40%
Mauritania,Low,0.253,0.854941,0.768,0.0808,1599.17,-0.0278,4.17,0.029,0.794,0.005594,0.90329,0.068589,810.8,-12.04%,4.4,0,701.2,11.44%,2048.4,-2.23%,271.64%,2.04%
Mauritius,Medium,0.547,3.237752,3.207,0.0143,10157.85,0.0278,1.26,0.0011,0.7684,0.005237,-0.09492,-0.03998,30.4,30.71%,1433.2,-1.41%,930,2.99%,2908.6,2.54%,247.30%,33.91%
Malawi,Low,0.032,0.082733,0.078,0.0215,423.68,0.0655,17.21,0.0275,0.4712,0.009485,-1.41465,-0.05884,12,160.56%,136.8,10.34%,313.8,-4.15%,1792.8,1.14%,1826.68%,-12.17%
Malaysia,Medium,0.837,7.631608,7.531,0.003,10546.3,0.0043,30.69,0.0136,0.7994,0.005048,-0.27222,-0.04117,44869.6,-1.20%,144121,4.57%,36506.6,2.23%,133644.2,2.38%,241.88%,4.73%
Namibia,Low,0.4,1.740611,1.798,0.0025,5173.8,0.0025,2.36,0.0185,0.5858,0.00968,-0.07413,-0.00761,1724.8,16.02%,2045,16.23%,1650.6,17.01%,4927,3.12%,518.20%,3.68%
Niger,Low,0.042,0.102212,0.099,0.0096,527.49,0.0028,20.82,0.0393,0.7636,0.005011,0.84652,0.029931,546.4,-14.52%,131.2,27.46%,112.4,5.82%,1269.8,10.05%,118.23%,-98.09%
Nigeria,Low,0.221,0.665431,0.62,0.0044,2391.76,-0.084,186.05,0.0266,0.9502,0.002531,0.2427,0.003939,51802.4,-0.17%,2638.8,60.15%,9661,11.29%,22842.4,2.87%,1227.31%,11.89%
Nicaragua,Low,0.258,0.799632,0.825,0.0157,2053.04,0.0199,6.3,0.013,0.528,0.00572,-0.27737,-0.01551,51,1.73%,2121.6,1.89%,860.2,3.77%,4535.8,9.78%,447.09%,-4.65%
Netherlands,Medium,0.895,8.795786,9.078,-0.0134,49117.38,-0.0005,17.04,0.005,0.6556,0.006201,-0.01753,-0.01812,109629.2,-2.13%,419569.2,4.38%,117495,-1.42%,369987.4,4.92%,99.56%,42.55%
Norway,Medium,0.826,7.115386,7.235,-0.0137,79919.96,-0.0544,5.23,0.009,0.542,0.010859,0.08403,0.059122,74088.6,-2.54%,21525.4,-4.22%,8475.2,3.39%,63306.4,-0.16%,248.06%,13.28%
Nepal,Low,0.137,0.395543,0.335,0.1099,974.62,0.0677,27.38,0.0086,0.923,0.003046,-1.02544,-0.05098,18,0.68%,511,-1.86%,1807.6,15.82%,5447,19.90%,654.23%,-9.69%
New Zealand,Medium,0.816,6.665859,6.81,-0.0174,41916.62,-0.0014,4.69,0.0174,0.3784,0.018367,0.1751,-0.06619,1869.2,-4.69%,7549.8,-1.92%,5175.4,0.01%,29371.6,3.34%,112.31%,45.12%
Oman,High,0.958,15.35538,15.542,-0.0131,18902.43,-0.0536,4.45,0.0511,0.8222,0.00025,0.14734,0.077086,28811.2,-1.75%,6781.6,18.22%,3761.6,-13.81%,18138.2,-1.62%,93.51%,300.45%
Pakistan,Low,0.274,0.94282,0.885,0.0501,1384.68,0.0395,203.69,0.021,0.7032,0.003714,-0.17778,-0.00845,766.2,5.91%,17036.4,-1.14%,14980.4,6.25%,28136,9.35%,452.95%,2.06%
Panama,Medium,0.521,2.520392,2.636,-0.0274,14292.35,0.0521,4.04,0.0172,0.5474,0.004441,-0.12028,-0.05571,32.6,110.66%,10515.6,-7.39%,2421.4,3406.66%,17538,-0.77%,102.82%,62.76%
Peru,Low,0.395,1.708465,1.753,0.0032,6555.06,0.0046,30.98,0.0145,0.704,0.005724,0.01195,0.005532,20752.4,5.03%,4296.6,-1.50%,5767.2,3.76%,29058.6,-0.75%,297.43%,-7.57%
Philippines,Low,0.337,1.274707,1.198,0.0578,3081.94,0.0245,103.62,0.0153,0.868,0.00486,-0.52431,-0.05347,4397.6,0.56%,51211.6,4.81%,13124,4.61%,64074.6,14.98%,271.81%,50.85%
Palau,High,0.942,15.44939,14.193,0.0487,15667.89,0.0437,0.02,0.0034,0.8044,0.005257,0.03409,-0.01759,0,0,4.4,0,35,-4.59%,82.8,0.72%,152.52%,-89.90%
Poland,Medium,0.863,8.091808,7.899,0.0093,13726.08,0.0202,37.98,-0.0003,0.8548,0.004722,-0.10195,-0.06646,14141.8,-2.66%,177498,6.36%,25434.2,3.79%,172301.2,6.93%,48.08%,-453.52%
Portugal,Medium,0.7,4.755669,4.794,0.0147,21256.69,0.0134,10.33,-0.0033,0.8424,0.000728,-0.00792,-0.00586,5834,-2.80%,45951.4,3.11%,11889.2,-2.27%,51570.2,6.60%,63.59%,-70.87%
Paraguay,Low,0.316,1.138981,1.047,0.0758,5663.67,-0.0074,6.78,0.0133,0.7644,0.00555,-0.36917,-0.0577,2204.4,-1.31%,913,7.20%,1630.2,3.14%,8754.4,2.68%,396.45%,15.74%
Qatar,High,1,32.47122,32.377,0.003,65818.65,-0.0622,2.64,0.0356,0.818,0.003687,0.02022,0.147335,72165,-5.00%,6998.8,3.34%,2339,4.08%,24478.8,1.84%,169.82%,-22.96%
Romania,Medium,0.589,3.793471,3.701,0.0126,10353.48,0.047,19.7,-0.0052,0.8148,0.005185,-0.07616,-0.04714,4784.2,0.38%,55469.6,5.42%,7843.6,3.98%,64154.8,6.80%,97.88%,-2.01%
Russian Federation,High,0.911,11.13584,10.898,-0.0037,10824.25,-0.0957,144.25,0.0014,0.5298,0.009535,0.00673,0.021073,248409.6,-3.99%,79678.4,1.37%,8106.8,0.60%,180731.6,-2.73%,739.24%,-1.96%
Rwanda,Low,0.037,0.084849,0.084,0.0371,759.07,0.0159,11.68,0.0262,0.77,0.002348,-0.01732,-0.00357,280.6,6.62%,121.4,42.79%,425,63.96%,1319.2,-1.90%,400.51%,8.50%
Saudi Arabia,High,0.979,15.68766,16.764,-0.018,21822.08,-0.0172,32.38,0.0232,0.6092,0.014051,-0.00051,0.001386,198036.8,-1.44%,45965,3.57%,8004.6,0.55%,109475.8,-4.98%,142.62%,-109.00%
Sudan,Low,0.174,0.46732,0.471,0.0392,1091.12,-0.1073,39.87,0.0243,0.9396,0.002135,-2.12616,-0.07247,669.4,-12.96%,117,-12.19%,621.8,74.59%,5629,-1.06%,3344.21%,25.95%
Senegal,Low,0.232,0.618449,0.629,0.0126,1341.12,0.009,15,0.0284,0.8552,0.00214,0.32375,0.016948,621.8,10.62%,849.4,5.30%,1722.8,8.11%,3154.8,6.42%,33.23%,29.15%
Singapore,Medium,0.879,8.344984,8.286,0.0063,59582.57,0.0301,5.57,0.0087,0.438,0.006487,-0.00088,-0.0267,54390.8,-3.14%,278330.4,1.03%,82831.8,-1.34%,220069.8,1.77%,19.70%,-87.56%
Solomon Islands,Low,0.2,0.56922,0.558,-0.0434,2282.44,0.0134,0.62,0.027,0.9014,0.004224,0,0,9.4,426.67%,18.2,120.85%,91,-6.82%,245.8,34.20%,181.08%,59.83%
Sierra Leone,Low,0.063,0.140296,0.139,-0.0387,567,-0.0662,7.33,0.0219,0.7854,0.003855,1.42838,0.038814,304.8,0,61.6,0,125.2,0,758.4,0,1129.50%,29.25%
El Salvador,Low,0.321,1.057869,1.068,0.0034,3812.7,0.0284,6.36,0.0049,0.6696,0.000003,-0.14682,-0.0192,228.6,8.04%,4255.2,2.44%,1661.6,0.53%,6830.6,1.53%,62.33%,-44.15%
Serbia,Medium,0.805,6.303565,6.31,-0.0032,6299.84,0.0085,7.06,-0.0051,0.5084,0.008757,-0.14462,-0.03363,1357.8,2.15%,10891,7.14%,3457,4.60%,13178.6,4.21%,193.76%,3.22%
Sao Tome and Principe,Low,0.216,0.653345,0.619,0.0112,1764.53,0.0402,0.2,0.019,0.7078,0.002562,-0.0521,-0.01693,0,0,1,0,22,173.17%,68.8,2.71%,624.67%,1.53%
Suriname,Medium,0.647,3.843266,4.225,-0.0358,7549.32,-0.0854,0.56,0.0103,0.948,0.001903,0.12962,0.030608,142.4,-2.03%,31.6,4.10%,170.8,-34.20%,824,-9.56%,2192.17%,144.63%
Slovak Republic,Medium,0.747,5.970805,5.864,-0.002,17668.59,0.0093,5.43,0.0012,0.9322,0.00324,-0.12069,-0.01733,4667.4,-5.69%,74292.6,3.04%,8712.6,-3.88%,66264,4.58%,58.09%,4.16%
Slovenia,Medium,0.811,6.697169,6.627,-0.0105,23264.08,0.0168,2.07,0.0014,0.8526,0.003058,0.04569,0.021249,3294.8,4.47%,30432,6.18%,5150.4,0.95%,25538.2,7.31%,55.73%,-643.73%
Sweden,Medium,0.616,3.636916,3.858,-0.0363,54382.31,-0.0252,9.93,0.0117,0.5496,-0.010328,-0.0101,-0.0107,17908.4,1.24%,115946.8,0.20%,20888,0.42%,112816.6,2.24%,90.12%,-376.21%
Eswatini,Low,0.284,0.942759,0.96,-0.1139,3833.07,-0.0095,1.11,0.0089,0.8806,0.004562,-0.14265,-0.03577,28.8,-15.01%,1191.4,2.22%,227,3.75%,1036,2.26%,590.33%,0.68%
Seychelles,Medium,0.737,6.132995,5.731,0.0657,15290.88,0.0156,0.09,0.0147,0.7938,0.006347,-0.06747,-0.05925,154.4,5.73%,56.8,66.79%,224,4.85%,561.6,10.28%,219.44%,-70.65%
Syrian Arab Republic,Low,0.358,1.607023,1.552,0.0087,993.95,0.0114,17.63,-0.0289,0.517,0.010656,2.4243,0.079876,49.75,0,119.25,0,133.25,0,3647.75,0,0,0
Togo,Low,0.121,0.273727,0.267,0.017,749.45,0.0617,7.51,0.0255,0.7918,0.003052,-1.04888,-0.14081,164.8,9.39%,429.8,-3.61%,286.8,6.00%,1151.2,-3.32%,80.16%,148.59%
Thailand,Medium,0.605,3.727119,3.774,-0.0074,6335.19,0.0315,68.95,0.0037,0.502,0.00886,-0.38104,-0.06832,12254.6,-0.26%,171731.2,2.56%,43394,0.29%,149922.4,1.24%,58.25%,6.39%
Tajikistan,Low,0.242,0.752662,0.663,0.1292,918.31,-0.0472,8.67,0.0246,0.7568,0.010147,-0.80036,-0.01745,630,0,143,0,626.3333333,0,1605.666667,0,594.12%,0
Timor-Leste,Low,0.179,0.494057,0.503,0.0403,1293.53,0.0054,1.22,0.0191,0.719,0.004228,-0.72157,-0.04357,1,0,2,0,75,0,270.3333333,0,56.85%,-48.10%
Tonga,Low,0.347,1.690655,1.454,0.0769,4420.5,0.0125,0.1,0.0028,0.7316,0.004116,0.14258,-0.00082,0.6,0,2.2,10.00%,17.8,79.91%,123,10.14%,331.68%,-20.87%
Trinidad and Tobago,High,0.937,13.44075,14.152,-0.0577,17589.53,-0.0363,1.38,0.0053,0.8072,0.008029,0.06042,0.056493,5400.2,-5.67%,4610.4,-4.89%,2678.6,-16.55%,4669.8,-0.37%,326.31%,-25.48%
Tunisia,Medium,0.505,2.594995,2.606,0.0112,3986.38,-0.0395,11.31,0.0109,0.6986,0.0072,0.26874,0.040865,1389.6,-13.02%,11700,0.02%,3897.6,-0.75%,14938,-0.29%,506.18%,9.73%
Turkey,Medium,0.695,4.894487,4.745,0.0346,10820.58,-0.0603,79.8,0.0163,0.5286,0.009565,-0.15624,-0.03073,10912.2,1.16%,122072.2,4.09%,51303.8,1.89%,141902.8,-1.07%,1035.55%,19.21%
Tanzania,Low,0.089,0.207422,0.212,-0.0177,998.45,0.013,53.1,0.0304,0.6052,-0.01,0.4132,0.007245,434.6,-22.31%,1224.2,60.30%,2263.6,-14.80%,5954.4,0.30%,514.15%,-13.97%
Uganda,Low,0.053,0.140453,0.137,0.0345,796.96,-0.0131,39.73,0.0366,0.9252,0.001518,-0.32259,-0.02348,154,63.57%,604.6,-5.46%,1214.6,2.95%,3609.6,2.96%,443.91%,-2.11%
Ukraine,Medium,0.653,4.373041,4.4,-0.0795,2630.38,-0.0925,44.98,-0.0038,0.9224,0.001521,-0.00302,0.023527,4966.4,-4.48%,21269.2,-7.02%,13024.6,-4.43%,29178.2,-0.56%,2001.49%,-988.09%
Uruguay,Low,0.421,1.894499,1.882,-0.0305,17311.22,0.0172,3.42,0.0035,0.7558,-0.011572,-0.18079,-0.06286,104.6,48.64%,1699,-5.05%,1288.8,-6.83%,6501.2,-4.74%,820.15%,-0.16%
United States,High,0.947,15.39798,15.348,-0.0113,58621.77,0.0337,322.71,0.0067,0.5988,0.003353,-0.053,-0.0784,177845,7.21%,1017409.8,0.66%,283921.2,-4.24%,1845321.2,4.15%,151.50%,193.01%
Uzbekistan,Medium,0.558,3.406375,3.376,-0.0203,2320.19,-0.1009,31.85,0.0173,0.692,0.00552,-0.38711,-0.00835,3117.5,0,2655.5,0,1183.5,0,11569.5,0,0,0
St. Vincent and the Grenadines,Low,0.479,2.565239,2.429,0.026,7051.01,0.0204,0.11,0.0029,0.7352,0.000012,0.12845,0.021348,0,0,11.4,6.62%,50,3.19%,193.6,-0.60%,55.76%,-538.52%
"Venezuela, RB",Medium,0.721,5.080074,5.464,-0.0571,3211.13,0,29.65,-0.0062,0.5722,0.008827,-1.00535,0,39385.8,-13.95%,1163.8,-21.80%,2508.2,48.23%,14801.8,-33.00%,14628.51%,0
Vietnam,Low,0.463,2.526623,2.307,0.0865,2247.9,0.0595,93.63,0.0103,0.558,0.01165,-0.60344,-0.04129,7091.2,-5.35%,153907.6,15.82%,17767.8,12.69%,147336.2,12.63%,288.88%,46.52%
Samoa,Low,0.342,1.52377,1.408,0.0819,4113.05,0.0069,0.19,0.0056,0.7502,0.007022,0.05982,-0.00276,13.6,-4.77%,13.4,-24.20%,66.2,-0.26%,191.2,1.53%,151.39%,-38.14%
"Yemen, Rep.",Low,0.195,0.468211,0.532,-0.2991,1230.19,-0.1724,27.16,0.0253,0.8876,0.00317,-0.56369,-0.09807,1860.6,3.06%,168.6,-1.24%,462.2,225.57%,3615.8,-10.48%,810.47%,0
South Africa,Medium,0.853,7.639948,7.716,-0.0169,6540.33,-0.0176,56.18,0.0148,0.7018,0.006352,0.0299,0.030506,29490,-0.25%,39321.2,0.93%,17511.4,-0.28%,55745.2,-2.02%,538.51%,-1.71%
Zambia,Low,0.153,0.419191,0.367,0.0849,1486.62,-0.0549,16.37,0.0306,0.742,0.00625,-0.68769,-0.22529,6104.6,1.83%,1024,-1.44%,2580.4,1.22%,5317,-1.23%,997.18%,13.78%
Zimbabwe,Low,0.263,0.858686,0.829,-0.0226,1366.88,-0.0293,14.02,0.0158,0.6226,0.011429,0.35513,0.067696,1037.4,8.35%,445.8,4.99%,1637,2.30%,3166,-0.92%,146.81%,382.09%
