Country Name,Country Code,Indicator Name,Indicator Code,1989,1990,1991,1992,1993,1994,1995,1996,1997,1998,1999,2000,2001,2002,2003,2004,2005,2006,2007,2008,2009,2010,2011,2012,2013,2014,2015,2016,2017,2018,2019,2020
Albania,ALB,GDP (current US$),NY.GDP.MKTP.CD,2253090000,2028553750,1099559028,652174990.8,1185315468,1880951520,2392764853,3199641336,2258513974,2545964541,3212121651,3480355258,3922100794,4348068242,5611496257,7184685782,8052073539,8896072919,10677324144,12881353508,12044208086,11926922829,12890764531,12319830437,12776220507,13228147516,11386850130,11861199831,13019689337,15156432310,15400242875,14887629268
Arab World,ARB,GDP (current US$),NY.GDP.MKTP.CD,4.50E+11,6.23E+11,4.39E+11,4.74E+11,4.83E+11,5.08E+11,5.56E+11,6.14E+11,6.62E+11,6.45E+11,7.13E+11,8.16E+11,7.99E+11,8.03E+11,8.88E+11,1.06E+12,1.30E+12,1.53E+12,1.79E+12,2.25E+12,1.97E+12,2.31E+12,2.50E+12,2.74E+12,2.80E+12,2.83E+12,2.46E+12,2.41E+12,2.47E+12,2.73E+12,2.78E+12,2.45E+12
United Arab Emirates,ARE,GDP (current US$),NY.GDP.MKTP.CD,41464995914,50701443748,51552165622,54239171888,55625170253,59305093980,65743666576,73571233996,78839008445,75674336283,84445473111,1.04E+11,1.03E+11,1.10E+11,1.24E+11,1.48E+11,1.81E+11,2.22E+11,2.58E+11,3.15E+11,2.54E+11,2.90E+11,3.51E+11,3.75E+11,3.90E+11,4.03E+11,3.58E+11,3.57E+11,3.86E+11,4.22E+11,4.17E+11,3.59E+11
Argentina,ARG,GDP (current US$),NY.GDP.MKTP.CD,76636898036,1.41E+11,1.90E+11,2.29E+11,2.37E+11,2.57E+11,2.58E+11,2.72E+11,2.93E+11,2.99E+11,2.84E+11,2.84E+11,2.69E+11,97724004252,1.28E+11,1.65E+11,1.99E+11,2.33E+11,2.88E+11,3.62E+11,3.33E+11,4.24E+11,5.30E+11,5.46E+11,5.52E+11,5.26E+11,5.95E+11,5.58E+11,6.44E+11,5.25E+11,4.52E+11,3.89E+11
Antigua and Barbuda,ATG,GDP (current US$),NY.GDP.MKTP.CD,438794788.5,459470370.4,481707407.4,499281481.5,535174074.1,589429629.6,577281481.5,633729629.6,680618518.5,727859259.3,766200000,826370370.4,800481481.5,814381481.5,856396296.3,919729629.6,1022962963,1157662963,1312759259,1370070370,1228329630,1148700000,1137637037,1199948148,1181448148,1249733333,1336692593,1436585185,1467977778,1605944444,1687533333,1370281481
Australia,AUS,GDP (current US$),NY.GDP.MKTP.CD,3.00E+11,3.11E+11,3.26E+11,3.25E+11,3.12E+11,3.23E+11,3.68E+11,4.01E+11,4.35E+11,3.99E+11,3.89E+11,4.16E+11,3.79E+11,3.95E+11,4.67E+11,6.14E+11,6.95E+11,7.48E+11,8.54E+11,1.06E+12,9.28E+11,1.15E+12,1.40E+12,1.55E+12,1.58E+12,1.47E+12,1.35E+12,1.21E+12,1.33E+12,1.43E+12,1.39E+12,1.33E+12
Austria,AUT,GDP (current US$),NY.GDP.MKTP.CD,1.33E+11,1.66E+11,1.74E+11,1.95E+11,1.90E+11,2.04E+11,2.41E+11,2.37E+11,2.13E+11,2.18E+11,2.17E+11,1.97E+11,1.97E+11,2.13E+11,2.62E+11,3.01E+11,3.16E+11,3.36E+11,3.89E+11,4.30E+11,4.00E+11,3.92E+11,4.31E+11,4.09E+11,4.30E+11,4.42E+11,3.82E+11,3.96E+11,4.16E+11,4.55E+11,4.45E+11,4.33E+11
Burundi,BDI,GDP (current US$),NY.GDP.MKTP.CD,1113924130,1132101253,1167398478,1083037671,938632612,925030590.2,1000428394,869033856.3,972896267.9,893770806.1,808077223.4,870486065.9,876794723.1,825394490.2,784654423.6,915257323.4,1117113046,1273375020,1356199365,1611835902,1781455092,2032135247,2235820868,2333308099,2451625333,2705783272,3104394858,2732808557,2748180474,2668495743,2631434363,2841786382
Belgium,BEL,GDP (current US$),NY.GDP.MKTP.CD,1.64E+11,2.05E+11,2.11E+11,2.35E+11,2.25E+11,2.45E+11,2.88E+11,2.79E+11,2.53E+11,2.59E+11,2.58E+11,2.36E+11,2.37E+11,2.57E+11,3.17E+11,3.69E+11,3.86E+11,4.08E+11,4.70E+11,5.15E+11,4.81E+11,4.81E+11,5.23E+11,4.96E+11,5.22E+11,5.35E+11,4.62E+11,4.76E+11,5.02E+11,5.43E+11,5.35E+11,5.22E+11
Benin,BEN,GDP (current US$),NY.GDP.MKTP.CD,1502294411,1959965244,1986437860,1695315306,2274557914,1598075932,2169627251,2361116588,2268301538,2455092582,3677394292,3519991326,3666222600,4194342849,5349258334,6190270756,6567654494,7034111651,8169048690,9787735426,9738626993,9535344283,10693321954,11141358945,12517845732,13284528654,11388160958,11821066153,12701654743,14262407012,14391686633,15651545332
Burkina Faso,BFA,GDP (current US$),NY.GDP.MKTP.CD,2615587726,3101300642,3135045684,3356692518,3199536228,1895290623,2379518099,2586550747,2447668985,2804902248,3389566983,2968369991,3190371050,3622350204,4740768355,5451688868,6146352742,6547420134,7625723124,9451436359,9450697336,10109618964,12080296644,12561016091,13444301139,13943016924,11832159276,12833363370,14106956830,15890065020,16178162030,17933606353
Bangladesh,BGD,GDP (current US$),NY.GDP.MKTP.CD,28781714764,31598341234,30957483950,31708874594,33166519418,33768660883,37939748769,46438484108,48244309133,49984559471,51270569884,53369787319,53991289844,54724081491,60158929188,65108544250,69442943089,71819083684,79611888213,91631278239,1.02E+11,1.15E+11,1.29E+11,1.33E+11,1.50E+11,1.73E+11,1.95E+11,2.21E+11,2.50E+11,2.74E+11,3.03E+11,3.23E+11
Bulgaria,BGR,GDP (current US$),NY.GDP.MKTP.CD,21988444444,20632090909,10943548387,10350515464,10829710145,9697416974,18983303571,12294221473,11315986087,15030695297,13627323285,13245833844,14183497963,16402846413,21144983552,26157894737,29869283400,34379808889,44405101470,54438966420,52023504656,50682061053,57678241024,54300857424,55810138436,57082011260,50781996713,53953897624,59199447421,66363422450,68915416142,69889347433
Bahrain,BHR,GDP (current US$),NY.GDP.MKTP.CD,3863563830,4229787234,4616223404,4751063830,5200265957,5567553457,5849467819,6101861436,6349202394,6183776596,6621010372,9062898936,8976196809,9593510638,11074813830,13150159574,15968723404,18504760638,21730000000,25710904255,22938218085,25713271277,28776595745,30749308511,32539468085,33387712766,31050638298,32234973404,35473776596,37801462766,38652579787,34729228723
"Bahamas, The",BHS,GDP (current US$),NY.GDP.MKTP.CD,3062000000,3166000000,3111160000,3109000000,3092000000,3259000000,3429000000,3609000000,6332360000,6833220000,7683870000,8076470000,8317830000,8881160000,8870090000,9055290000,9836200000,10167250000,10618340000,10526000000,9981960000,10095760000,10070450000,10720500000,10494600000,11142900000,11890600000,11992600000,12359700000,12837800000,13164400000,9907500000
Belize,BLZ,GDP (current US$),NY.GDP.MKTP.CD,369133890.7,412086445.5,444720750,518559700,560205300,581269550,620422500,641660000,654582900,689140000,732732350,832072450,868358750,925197950,983575600,1051386600,1102564900,1210603750,1271598050,1351338650,1317309450,1377177100,1460797903,1522897506,1579411253,1667335061,1721700991,1789304088,1858529677,1915899787,1982518541,1636280797
Bermuda,BMU,GDP (current US$),NY.GDP.MKTP.CD,1501500032,1592400000,1634900000,1679900000,1820359900,1867160100,2030750000,2695390000,2932827000,3130748000,3324433000,3480219000,3680483000,3937228000,4186525000,4484703000,4868136000,6144000000,6767000000,6980000000,6656000000,6634526000,6312691000,6378188000,6465756000,6413988000,6654541000,6899911000,7142316000,7224329000,7484113000,6842700000
Bolivia,BOL,GDP (current US$),NY.GDP.MKTP.CD,4715978868,4867582620,5343274312,5643893347,5734676561,5981244887,6715220507,7396966657,7925673448,8497545598,8285075872,8397912509,8141537938,7905485216,8082364868,8773451739,9549077869,11451869165,13120183157,16674324634,17339992165,19649631314,23963033431,27084497483,30659338880,32996188013,33000198248,33941126200,37508642165,40287647930,40895322844,36572764863
Brazil,BRA,GDP (current US$),NY.GDP.MKTP.CD,3.47E+11,3.91E+11,3.43E+11,3.28E+11,3.68E+11,5.25E+11,7.69E+11,8.50E+11,8.83E+11,8.64E+11,6.00E+11,6.55E+11,5.60E+11,5.10E+11,5.58E+11,6.69E+11,8.92E+11,1.11E+12,1.40E+12,1.70E+12,1.67E+12,2.21E+12,2.62E+12,2.47E+12,2.47E+12,2.46E+12,1.80E+12,1.80E+12,2.06E+12,1.92E+12,1.88E+12,1.44E+12
Barbados,BRB,GDP (current US$),NY.GDP.MKTP.CD,2006165167,2012131457,2020583702,1957000000,2063342117,2151344901,2216974096,2363645403,2498384130,2817083478,2951822205,3059500000,3054500000,3106500000,3209500000,3444500000,3819500000,4217500000,4674000000,4785000000,4465500000,4530000000,4657500000,4610000000,4677000000,4696500000,4715000000,4830000000,4978000000,5086500000,5209000000,4418000000
Brunei Darussalam,BRN,GDP (current US$),NY.GDP.MKTP.CD,2985467979,3520551724,3701667053,4183548189,4105706152,4087337960,4734020037,5115602837,5197332974,4051147228,4600000000,6001153306,5601090584,5843329108,6557333085,7872333215,9531402848,11470703002,12247694247,14393099069,10732366286,13707370737,18525319978,19047940301,18093829923,17098342541,12930394938,11400854268,12128104859,13567351175,13469422959,12005825770
Bhutan,BTN,GDP (current US$),NY.GDP.MKTP.CD,264725207,287658184,240319995.6,240215763.9,225998091.2,258985597.7,290464801.1,303435517.9,352260952.9,363452787.2,399268801.7,424464089.9,461444513.7,520849551.5,604041957.9,682523857,796938120.2,874989895.6,1168308517,1227808791,1234014292,1547991318,1777101317,1781281282,1756215665,1907090813,2003598213,2158972129,2450364928,2446866405,2535657069,2315437338
Botswana,BWA,GDP (current US$),NY.GDP.MKTP.CD,3083800685,3790567052,3942792837,4146513722,4160086253,4259330999,4730611067,4847752843,5020214747,4790458837,5484257417,5788329609,5489608300,5438857107,7511582173,8957467707,9918907108,10137883299,10939053365,10945070442,10267133178,12786654498,15351972361,14380004175,14901750991,15654660710,13578754072,15082578065,16088437675,16914245098,16593720656,15061922802
Central African Republic,CAF,GDP (current US$),NY.GDP.MKTP.CD,1233930277,1440711396,1377375031,1411917558,1278781167,851174350.6,1115389732,1007791186,937741468,967338348.7,999477510.7,914500299.1,931833302.8,991387870.1,1139754799,1270080251,1337362392,1460561215,1697565949,1985240986,2059094048,2142591376,2437982840,2510126699,1691544192,1894813505,1695825708,1825018191,2072349794,2220978978,2220307369,2380087758
Canada,CAN,GDP (current US$),NY.GDP.MKTP.CD,5.65E+11,5.94E+11,6.10E+11,5.92E+11,5.77E+11,5.78E+11,6.04E+11,6.29E+11,6.55E+11,6.34E+11,6.78E+11,7.45E+11,7.39E+11,7.61E+11,8.96E+11,1.03E+12,1.17E+12,1.32E+12,1.47E+12,1.55E+12,1.37E+12,1.62E+12,1.79E+12,1.83E+12,1.85E+12,1.81E+12,1.56E+12,1.53E+12,1.65E+12,1.73E+12,1.74E+12,1.65E+12
Switzerland,CHE,GDP (current US$),NY.GDP.MKTP.CD,2.08E+11,2.66E+11,2.69E+11,2.80E+11,2.72E+11,3.02E+11,3.53E+11,3.40E+11,2.95E+11,3.04E+11,2.99E+11,2.80E+11,2.87E+11,3.10E+11,3.63E+11,4.06E+11,4.21E+11,4.44E+11,4.94E+11,5.70E+11,5.58E+11,6.03E+11,7.22E+11,6.92E+11,7.13E+11,7.34E+11,7.02E+11,6.96E+11,7.04E+11,7.36E+11,7.32E+11,7.52E+11
Chile,CHL,GDP (current US$),NY.GDP.MKTP.CD,29885685143,33113887818,37834793730,45964327559,49297773130,57008425296,73447063319,78039572222,84952360922,81577430181,75173794497,77860932152,70979923960,69736811435,75643459840,99210392858,1.23E+11,1.55E+11,1.74E+11,1.80E+11,1.72E+11,2.19E+11,2.52E+11,2.67E+11,2.78E+11,2.61E+11,2.44E+11,2.50E+11,2.77E+11,2.98E+11,2.79E+11,2.53E+11
China,CHN,GDP (current US$),NY.GDP.MKTP.CD,3.48E+11,3.61E+11,3.83E+11,4.27E+11,4.45E+11,5.64E+11,7.35E+11,8.64E+11,9.62E+11,1.03E+12,1.09E+12,1.21E+12,1.34E+12,1.47E+12,1.66E+12,1.96E+12,2.29E+12,2.75E+12,3.55E+12,4.59E+12,5.10E+12,6.09E+12,7.55E+12,8.53E+12,9.57E+12,1.05E+13,1.11E+13,1.12E+13,1.23E+13,1.39E+13,1.43E+13,1.47E+13
Cote d'Ivoire,CIV,GDP (current US$),NY.GDP.MKTP.CD,9757410614,10795850107,10492628915,11152971316,11045759469,8313557450,11000146839,18071153890,18047557172,19619653924,18870992456,16577533355,16810536884,18054384023,21251755294,23510577108,24036917017,25281414473,28760092035,34078243426,33886814907,34936305297,36693712825,36302305578,42760237561,48843008580,45814637971,47964234560,51588158718,58011466451,58539424930,61348579465
Cameroon,CMR,GDP (current US$),NY.GDP.MKTP.CD,11012566161,12314482085,11840192674,12071775381,16181813512,8902446188,10864773037,11093539497,10789457915,11298144512,11565827386,10566578953,10953485244,12417251816,15970315751,18826215278,19509850837,20910513975,23928251334,27715144580,27932971683,27507499709,30630912185,30155064574,33728622819,36386546918,32210232912,33814337900,36098550142,39973839065,39670977333,40804449726
"Congo, Dem. Rep.",COD,GDP (current US$),NY.GDP.MKTP.CD,9021862775,9349764580,9633911368,8227200892,10706246371,5840529412,5647034188,5772020526,6091061291,6215716712,4711259427,19088046306,7438189100,8728038525,8937567060,10297483481,11964484668,14451902468,16737071816,19788515874,18648373312,21565720044,25839749199,29306235826,32679745298,35909040266,37917704900,37134799975,38019265626,47146004587,50400747050,48716960860
"Congo, Rep.",COG,GDP (current US$),NY.GDP.MKTP.CD,2389593022,2798746051,2724853593,2933222714,2684323424,1769365425,2116003978,2540697688,2322718991,1949481297,2353909564,3227927593,2796704577,3034251042,3503723245,4656975223,6647357442,8065134528,8771102025,11602893043,9684321633,13135580695,15634897273,17693924573,17953617927,17889079958,11885478502,10215989995,11090177747,13670036996,12750339023,10187122341
Colombia,COL,GDP (current US$),NY.GDP.MKTP.CD,39540080200,47844090710,49175565911,58418985443,66446804803,81703500846,92507279383,97160109278,1.07E+11,98443739941,86186158685,99886577331,98211749596,97963003805,94641378693,1.17E+11,1.46E+11,1.62E+11,2.06E+11,2.42E+11,2.32E+11,2.87E+11,3.35E+11,3.71E+11,3.82E+11,3.81E+11,2.93E+11,2.83E+11,3.12E+11,3.34E+11,3.23E+11,2.71E+11
Comoros,COM,GDP (current US$),NY.GDP.MKTP.CD,341476764,429622147.7,424108796.6,457388578.9,452881443.1,319189200.4,398461789.6,396053797.6,364445589.7,370106776,382454989.9,351136568.4,378512003.4,425964697.4,546885185,633706149.3,653845122.9,698431827.7,795673128.5,915659192.8,905341090.6,907978723.5,1023086184,1015843369,1116224161,1149587652,966029542,1012835518,1077439663,1188797575,1192559739,1235400352
Cabo Verde,CPV,GDP (current US$),NY.GDP.MKTP.CD,267448513.1,306891107.3,319827058.6,357160985.3,490417389.7,406580652.3,487148993.5,501979069.3,490608657.9,521910560.5,592416703.1,539227277.6,563024383.3,620974660.2,813963830.2,924318490.8,971977088.2,1107891063,1513933983,1789333749,1711817182,1664310770,1865915544,1741809809,1850470042,1859898513,1596800287,1662998678,1768319144,1966503223,1981845741,1703698677
Costa Rica,CRI,GDP (current US$),NY.GDP.MKTP.CD,5251025767,5711687787,7196276092,8564044017,9582866263,10486784805,11578594260,11678424507,12614602382,13684255947,14254866281,15013629659,15976174337,16578820687,17271760507,18610594846,20040642477,22715540324,26884700345,30801744881,30745712007,37658614803,42762617082,47231651863,50949672206,52016408951,56441917653,58847016045,60516043590,62420165100,64072870932,61846895121
Caribbean small states,CSS,GDP (current US$),NY.GDP.MKTP.CD,16872897191,18011678552,17878504939,17575413724,19033356758,20014967687,22072783646,24081792639,28202808369,30129171334,31944649113,34218221461,35249133311,36990732762,39545920854,43259612458,48918948094,55671360538,61875369660,70340114413,59411440870,64524447018,69668271733,72051115324,73345409464,74470922980,73243299833,69598702058,71693634217,75312833438,76173669481,66039332389
Cuba,CUB,GDP (current US$),NY.GDP.MKTP.CD,27023468666,28645436569,24316556026,22085858243,22367254865,28448326757,30429803651,25017368700,25365908100,25736331200,28364615200,30565400000,31682400000,33590500000,35901200000,38203000000,42643836100,52742800000,58603900000,60806300000,62080000000,64328000000,68990000000,73141000000,77148000000,80656000000,87133000000,91370000000,96851000000,1.00E+11,1.03E+11,1.07E+11
Cyprus,CYP,GDP (current US$),NY.GDP.MKTP.CD,4563482604,5591130218,5770197348,6912150456,6590291048,7425703929,9933133247,10011918444,9547818700,10248617647,10497908306,9985844486,10397897086,11420227885,14547325028,17320552500,18433411267,20072786351,23968764030,27844698989,25945391775,25732432719,27565469098,24978513427,23900872626,23156850007,19842404305,20953442550,22870833710,25522671233,25758357775,24612646488
Germany,DEU,GDP (current US$),NY.GDP.MKTP.CD,1.40E+12,1.77E+12,1.87E+12,2.13E+12,2.07E+12,2.21E+12,2.59E+12,2.50E+12,2.21E+12,2.24E+12,2.19E+12,1.94E+12,1.94E+12,2.07E+12,2.50E+12,2.81E+12,2.85E+12,2.99E+12,3.42E+12,3.73E+12,3.40E+12,3.40E+12,3.74E+12,3.53E+12,3.73E+12,3.88E+12,3.36E+12,3.47E+12,3.68E+12,3.98E+12,3.89E+12,3.85E+12
Djibouti,DJI,GDP (current US$),NY.GDP.MKTP.CD,409220087.1,452328087.3,462421998.5,478058304.9,466048469.2,491689220.7,497723960.6,494004647.7,502675542,514267869.3,536080148.1,551230861.9,572417440.8,591122039.6,622044665.5,666072101.8,708633194.7,768873684,847918929.1,999105339.3,1049110685,1128611700,1239144502,1353632942,2042817163,2214679081,2430274292,2603540257,2751445574,3012803457,3324615549,3384385217
Dominica,DMA,GDP (current US$),NY.GDP.MKTP.CD,185137243,201429629.6,219762963,234059259.3,245525925.9,264374074.1,274522222.2,292285185.2,302988888.9,322411111.1,331759259.3,333470370.4,340203703.7,333196296.3,343311111.1,367200000,364255555.6,390251851.9,421374074.1,458188888.9,489074074.1,493825925.9,501025925.9,485996296.3,498296296.3,520207407.4,540737037,576229629.6,519837037,550622222.2,611537037,504214814.8
Denmark,DNK,GDP (current US$),NY.GDP.MKTP.CD,1.12E+11,1.38E+11,1.39E+11,1.53E+11,1.43E+11,1.56E+11,1.85E+11,1.88E+11,1.74E+11,1.77E+11,1.78E+11,1.64E+11,1.65E+11,1.79E+11,2.18E+11,2.51E+11,2.64E+11,2.83E+11,3.19E+11,3.53E+11,3.21E+11,3.22E+11,3.44E+11,3.27E+11,3.44E+11,3.53E+11,3.03E+11,3.13E+11,3.32E+11,3.57E+11,3.48E+11,3.56E+11
Dominican Republic,DOM,GDP (current US$),NY.GDP.MKTP.CD,6686593060,7073675545,9824498183,11605382504,13081042400,14644711385,16637370839,18241691857,20017480055,21672231761,22136621337,24305717542,25601765401,27137508657,21403167848,22322395368,35777570136,37879869898,43965420072,48122547177,48261033298,53860175556,58029750746,60681537196,62682163837,67179914027,71164825257,75704720190,79997975622,85555378043,88941299734,78844702329
Algeria,DZA,GDP (current US$),NY.GDP.MKTP.CD,55634414465,62048562947,45715614560,48003078389,49945599429,42543178042,41764315330,46941582519,48177612042,48187747529,48640653469,54790392746,54744712815,56760355865,67863828413,85332581189,1.03E+11,1.17E+11,1.35E+11,1.71E+11,1.37E+11,1.61E+11,2.00E+11,2.09E+11,2.10E+11,2.14E+11,1.66E+11,1.60E+11,1.70E+11,1.75E+11,1.72E+11,1.45E+11
Ecuador,ECU,GDP (current US$),NY.GDP.MKTP.CD,13890828708,15239278100,16988535268,18094238119,18938717359,22708673337,24432884442,25226393197,28162053027,27981896948,19645272636,18327764882,24468324000,28548945000,32432858000,36591661000,41507085000,46802044000,51007777000,61762635000,62519686000,69555367000,79276664000,87924544000,95129659000,1.02E+11,99290381000,99937696000,1.04E+11,1.08E+11,1.08E+11,98808010000
"Egypt, Arab Rep.",EGY,GDP (current US$),NY.GDP.MKTP.CD,39756299050,42978914311,37387836491,41855986519,46578631453,51897983393,60159245060,67629716981,78436578171,84828807556,90710704807,99838543960,96684636119,85146067416,80288461538,78782467532,89600665557,1.07E+11,1.30E+11,1.63E+11,1.89E+11,2.19E+11,2.36E+11,2.79E+11,2.88E+11,3.06E+11,3.29E+11,3.32E+11,2.36E+11,2.50E+11,3.03E+11,3.65E+11
Spain,ESP,GDP (current US$),NY.GDP.MKTP.CD,4.15E+11,5.37E+11,5.77E+11,6.31E+11,5.25E+11,5.31E+11,6.15E+11,6.43E+11,5.90E+11,6.19E+11,6.35E+11,5.97E+11,6.27E+11,7.05E+11,9.05E+11,1.07E+12,1.15E+12,1.26E+12,1.47E+12,1.63E+12,1.49E+12,1.42E+12,1.48E+12,1.32E+12,1.35E+12,1.37E+12,1.20E+12,1.23E+12,1.31E+12,1.42E+12,1.39E+12,1.28E+12
Ethiopia,ETH,GDP (current US$),NY.GDP.MKTP.CD,11476584879,12175166763,13463868357,10492993078,8830712714,6927950565,7663984568,8547939731,8589211390,7818224906,7700833482,8242392104,8231326016,7850809498,8623691300,10131187261,12401139454,15280861835,19707616773,27066912635,32437389116,29933790334,31952763089,43310721414,47648211133,55612228234,64589334979,74296618481,81770791971,84269348327,95912590628,1.08E+11
Finland,FIN,GDP (current US$),NY.GDP.MKTP.CD,1.19E+11,1.41E+11,1.28E+11,1.13E+11,89214114708,1.03E+11,1.34E+11,1.32E+11,1.27E+11,1.34E+11,1.35E+11,1.26E+11,1.29E+11,1.40E+11,1.71E+11,1.97E+11,2.05E+11,2.17E+11,2.56E+11,2.85E+11,2.52E+11,2.49E+11,2.75E+11,2.58E+11,2.71E+11,2.74E+11,2.34E+11,2.41E+11,2.55E+11,2.76E+11,2.69E+11,2.70E+11
Fiji,FJI,GDP (current US$),NY.GDP.MKTP.CD,1182686577,1337024782,1383843860,1532401863,1636074718,1825763268,1970347721,2128696644,2090184941,1653160862,1936484565,1678239218,1652464201,1833279985,2300453634,2708078477,2980484920,3076305453,3378314600,3523185920,2870624636,3140508836,3774530616,3972012571,4190143206,4856963230,4682546863,4930204230,5353404422,5581371848,5496264766,4533883782
France,FRA,GDP (current US$),NY.GDP.MKTP.CD,1.03E+12,1.27E+12,1.27E+12,1.40E+12,1.32E+12,1.39E+12,1.60E+12,1.61E+12,1.45E+12,1.50E+12,1.49E+12,1.36E+12,1.38E+12,1.49E+12,1.84E+12,2.12E+12,2.20E+12,2.32E+12,2.66E+12,2.92E+12,2.69E+12,2.64E+12,2.86E+12,2.68E+12,2.81E+12,2.85E+12,2.44E+12,2.47E+12,2.59E+12,2.79E+12,2.73E+12,2.63E+12
"Micronesia, Fed. Sts.",FSM,GDP (current US$),NY.GDP.MKTP.CD,135200000,147200000,166200000,178100000,198400000,202500000,221575300,218534700,206626300,218873100,220140500,233271800,240970900,242517200,245432900,240236000,250281900,253541900,256787200,263145100,280284600,296944100,311301600,327248700,317214400,319271200,316489900,332265200,366666800,401932300,408057100,410083600
Gabon,GAB,GDP (current US$),NY.GDP.MKTP.CD,4186411457,5952293766,5402919957,5592390849,4378645081,4190819314,4958845906,5694040337,5326816859,4483417120,4662992036,5080483464,5023265365,5335451308,6511903657,7770219480,9582783318,10327598801,12455410056,15571349776,12113699661,14372591916,18210308748,17170465294,17595745653,18203968002,14383107714,14023890620,14929488771,16867325127,16874405840,15316826192
United Kingdom,GBR,GDP (current US$),NY.GDP.MKTP.CD,9.27E+11,1.09E+12,1.14E+12,1.18E+12,1.06E+12,1.14E+12,1.35E+12,1.42E+12,1.56E+12,1.65E+12,1.69E+12,1.66E+12,1.64E+12,1.78E+12,2.06E+12,2.42E+12,2.54E+12,2.72E+12,3.11E+12,2.94E+12,2.43E+12,2.49E+12,2.67E+12,2.72E+12,2.80E+12,3.09E+12,2.96E+12,2.72E+12,2.70E+12,2.90E+12,2.88E+12,2.76E+12
Ghana,GHA,GDP (current US$),NY.GDP.MKTP.CD,5251764264,5889174825,6596546196,6413901602,5966255778,5444560669,6465137615,6934984709,6891308594,7480968858,7719354839,4983024408,5314909954,6166330136,7632406553,8881368538,10744675210,20440893017,24827844950,28678701891,26048108185,32197272797,39337314810,41270954737,62823043706,54782847753,49406568433,56165172899,60406382899,67299280680,68337537816,68532281806
Guinea,GIN,GDP (current US$),NY.GDP.MKTP.CD,2432029434,2666750686,3015058139,3284620543,3279096606,3383092828,3693710533,3868968302,3783700462,3588375477,3461282543,2995361141,2829435957,2950198649,3446441698,3635458133,2937071767,4220019243,6281917656,6964179194,6716904569,6853467858,6785137173,7638045254,8376613843,8778473615,8794202444,8595955581,10324668267,11857030337,13513809258,15681050917
"Gambia, The",GMB,GDP (current US$),NY.GDP.MKTP.CD,284119692.5,317083373.5,690314321.4,714255460.5,755042548.1,746491692.6,785996982.5,848237108.6,803630742.5,840285264.6,814723460.1,782915402.4,687408804.6,578236035.1,487038821.6,961900106.9,1027702254,1054113427,1279704745,1561763437,1450140386,1543292393,1409694554,1415006238,1375608956,1229460602,1378176868,1484579844,1504909753,1670670669,1812529105,1868086275
Guinea-Bissau,GNB,GDP (current US$),NY.GDP.MKTP.CD,213143016.4,243961995.5,257150374.1,226313443.7,236880821.7,235620043.5,253966922.3,270419779.4,268550998.2,206457544.5,224446663.8,371095510,392621385.9,417806667.1,477458598.7,532062927.4,587029054.4,592365688.1,696910810.9,868154708.5,830126470,849878424.2,1099818652,989271229.6,1046087418,1054915645,1048229629,1179004941,1350177128,1504630121,1439638443,1431758243
Equatorial Guinea,GNQ,GDP (current US$),NY.GDP.MKTP.CD,88265974.58,112119406.5,110906032.1,134707184.4,136047896.2,100807001.8,141853368.3,232463036.4,442337849.5,370687618.7,621117885.7,1045998496,1461139022,1806742742,2484745935,4410764339,8217369093,10086528699,13071718759,19749893536,15027795173,16314443429,21357343682,22388344124,21948834290,21765453087,13185496881,11240808847,12200913888,13097012189,11417278045,10021856754
Greece,GRC,GDP (current US$),NY.GDP.MKTP.CD,79169043223,97891092003,1.05E+11,1.16E+11,1.09E+11,1.17E+11,1.37E+11,1.46E+11,1.43E+11,1.44E+11,1.43E+11,1.30E+11,1.36E+11,1.54E+11,2.02E+11,2.41E+11,2.48E+11,2.73E+11,3.18E+11,3.54E+11,3.30E+11,2.97E+11,2.83E+11,2.42E+11,2.39E+11,2.35E+11,1.96E+11,1.93E+11,1.99E+11,2.12E+11,2.05E+11,1.89E+11
Grenada,GRD,GDP (current US$),NY.GDP.MKTP.CD,267327642.2,278098763,300757888.9,310160444.4,309812185.2,325111814.8,342172518.5,366911444.4,392190592.6,445903592.6,482009370.4,520044370.4,520444185.2,540336925.9,591018407.4,599118592.6,695555555.6,698700666.7,758683592.6,825976037,771275555.6,771013259.3,778655925.9,799882259.3,842620111.1,911497407.4,997007925.9,1061640741,1125685185,1166523556,1212694407,1042100556
Guatemala,GTM,GDP (current US$),NY.GDP.MKTP.CD,8410724361,7650125217,9406097735,10440842165,11399942453,12983235568,14655404433,15674835615,17790026222,19395491993,18318412251,19288827159,18405203853,20444205991,21576351799,23577286227,26783543667,29744368111,33567868323,38503862831,37125943565,40676432029,46876114650,49593961142,52996540704,57852399964,62186186576,66053725049,71654134379,73208583759,77020015201,77604632171
Guyana,GUY,GDP (current US$),NY.GDP.MKTP.CD,379779389.7,396582263.3,348533094.8,373573141.5,454101382.5,540874934.2,621626785.9,705406001.4,749138009.6,717530683.2,694754988.3,712667896.7,712167575.6,726131434.7,743064076.8,787814379.2,824880550.3,2379818383,2730971150,3025187924,3165663153,3432913073,3691384318,4063089192,4167800259,4127659492,4279840194,4482697337,4748174334,4787636237,5173760192,5471256595
"Hong Kong SAR, China",HKG,GDP (current US$),NY.GDP.MKTP.CD,68790369107,76928290842,88959620136,1.04E+11,1.20E+11,1.36E+11,1.45E+11,1.60E+11,1.77E+11,1.69E+11,1.66E+11,1.72E+11,1.69E+11,1.66E+11,1.61E+11,1.69E+11,1.82E+11,1.94E+11,2.12E+11,2.19E+11,2.14E+11,2.29E+11,2.49E+11,2.63E+11,2.76E+11,2.91E+11,3.09E+11,3.21E+11,3.41E+11,3.62E+11,3.63E+11,3.47E+11
Honduras,HND,GDP (current US$),NY.GDP.MKTP.CD,5432344902,4923009552,4648668479,4943700431,4926728933,4642280682,5347445005,5215028986,5737099650,6366340266,6414520530,7103826902,7565854724,7775251510,8140278401,8772169959,9672023050,10841724917,12275500116,13789443623,14486159608,15729649159,17588098575,18400538859,18372173381,19618567250,20833948800,21566622850,22975415842,23900438564,24915522849,23662231634
Haiti,HTI,GDP (current US$),NY.GDP.MKTP.CD,2736243800,3096289800,3473540602,2257121668,1878248741,2167564195,2813313279,2907514523,3338938830,3723909227,4153736347,6813577558,6331961555,6058134467,4826827577,6036959915,7184064657,7518107787,9522763154,10485225353,11597014807,11859315079,13008754111,13708926466,14902474091,15139264670,14833154472,13987693739,15035560373,16455034353,14785839383,14508218017
Indonesia,IDN,GDP (current US$),NY.GDP.MKTP.CD,94451427898,1.06E+11,1.17E+11,1.28E+11,1.58E+11,1.77E+11,2.02E+11,2.27E+11,2.16E+11,95445547873,1.40E+11,1.65E+11,1.60E+11,1.96E+11,2.35E+11,2.57E+11,2.86E+11,3.65E+11,4.32E+11,5.10E+11,5.40E+11,7.55E+11,8.93E+11,9.18E+11,9.13E+11,8.91E+11,8.61E+11,9.32E+11,1.02E+12,1.04E+12,1.12E+12,1.06E+12
India,IND,GDP (current US$),NY.GDP.MKTP.CD,2.96E+11,3.21E+11,2.70E+11,2.88E+11,2.79E+11,3.27E+11,3.60E+11,3.93E+11,4.16E+11,4.21E+11,4.59E+11,4.68E+11,4.85E+11,5.15E+11,6.08E+11,7.09E+11,8.20E+11,9.40E+11,1.22E+12,1.20E+12,1.34E+12,1.68E+12,1.82E+12,1.83E+12,1.86E+12,2.04E+12,2.10E+12,2.29E+12,2.65E+12,2.70E+12,2.87E+12,2.66E+12
Ireland,IRL,GDP (current US$),NY.GDP.MKTP.CD,39238392678,49305632408,49787501584,55918538121,52417477614,57097656066,69139823232,75790786290,82856648758,90199410116,98860565736,99958806891,1.09E+11,1.28E+11,1.64E+11,1.94E+11,2.12E+11,2.32E+11,2.70E+11,2.74E+11,2.36E+11,2.22E+11,2.39E+11,2.26E+11,2.38E+11,2.59E+11,2.91E+11,2.99E+11,3.35E+11,3.85E+11,3.99E+11,4.26E+11
Iraq,IRQ,GDP (current US$),NY.GDP.MKTP.CD,65831935484,1.80E+11,407796349.7,553671957.7,1031944881,3991349283,12894029888,10433698621,20764857056,20617405044,36881601584,48364250944,36176430129,32928454672,21921569479,36627901762,49954890353,65140147197,88837055195,1.32E+11,1.12E+11,1.39E+11,1.86E+11,2.18E+11,2.35E+11,2.28E+11,1.67E+11,1.67E+11,1.87E+11,2.27E+11,2.35E+11,1.67E+11
Iceland,ISL,GDP (current US$),NY.GDP.MKTP.CD,5672569396,6468736287,6909730237,7080981669,6218581472,6389460286,7123633356,7426081278,7569666974,8503693099,8982047589,9025660362,8234846805,9318395055,11429333038,13825302536,16852963067,17465318552,21652505597,18074622987,13154414219,13751161918,15221622926,14751508134,16125060515,17867662178,17517210519,20793168031,24728285177,26267063758,24857740445,21718075725
Italy,ITA,GDP (current US$),NY.GDP.MKTP.CD,9.29E+11,1.18E+12,1.25E+12,1.32E+12,1.06E+12,1.10E+12,1.17E+12,1.31E+12,1.24E+12,1.27E+12,1.25E+12,1.14E+12,1.17E+12,1.27E+12,1.57E+12,1.80E+12,1.86E+12,1.95E+12,2.21E+12,2.40E+12,2.19E+12,2.13E+12,2.29E+12,2.09E+12,2.14E+12,2.16E+12,1.84E+12,1.88E+12,1.96E+12,2.09E+12,2.01E+12,1.89E+12
Jamaica,JAM,GDP (current US$),NY.GDP.MKTP.CD,4404970059,4592224067,4106199176,3535460090,5440064773,5452564385,6577523825,7393883555,8400033894,8787195622,8887061867,9005064475,9194717836,9719017926,9430230564,10174664854,11243868486,11930171468,12799593018,13709402085,12120460873,13220556883,14444655300,14807086889,14264202737,13899228824,14188935948,14077109397,14808989993,15730793853,15830768550,13812425037
Jordan,JOR,GDP (current US$),NY.GDP.MKTP.CD,4220945005,4160003917,4344250257,5311329067,5605841536,6237739516,6727446632,6928359238,7246188575,7912327362,8149106065,8460424401,8975689845,9582453032,10195660790,11411390409,12588665303,15056929760,17110587447,22657662393,24537876056,27133804225,29524149155,31634561690,34454440141,36847643521,38587017887,39892551127,41408960845,42932112676,44502895915,43697659296
Japan,JPN,GDP (current US$),NY.GDP.MKTP.CD,3.05E+12,3.13E+12,3.58E+12,3.91E+12,4.45E+12,5.00E+12,5.55E+12,4.92E+12,4.49E+12,4.10E+12,4.64E+12,4.97E+12,4.37E+12,4.18E+12,4.52E+12,4.89E+12,4.83E+12,4.60E+12,4.58E+12,5.11E+12,5.29E+12,5.76E+12,6.23E+12,6.27E+12,5.21E+12,4.90E+12,4.44E+12,5.00E+12,4.93E+12,5.04E+12,5.15E+12,5.06E+12
Kenya,KEN,GDP (current US$),NY.GDP.MKTP.CD,8283114648,8572359163,8151479004,8209129172,5751789915,7148145376,9046326060,12045858436,13115773738,14093998844,12896013577,12705357103,12986007426,13147743911,14904517650,16095337094,18737897745,25825524821,31958195182,35895153328,42347217913,45405587557,46869457318,56396706006,61671425370,68285768554,70120413329,74815121315,82035800868,92202956321,1.01E+11,1.01E+11
Kiribati,KIR,GDP (current US$),NY.GDP.MKTP.CD,41119721.65,39809538.68,47515189.28,47737955.35,46919624.64,54832577.86,56338028.17,66515376.79,67537479.59,65334841.06,69032258.06,67254174.4,63101272.37,72196457.68,90231856.8,102367039.3,112133944.3,110234939.8,132671743,141042610.3,132419902,156120439.3,181705153.6,190243432.8,185114059.6,179703165.4,171117816.7,178328984.1,187276124.8,200157020.6,188391770.6,197508774.3
St. Kitts and Nevis,KNA,GDP (current US$),NY.GDP.MKTP.CD,192518518.5,217259259.3,220540740.7,242137037,263755555.6,295159259.3,313485185.2,333944444.4,374641308,383257331.4,406595484.4,421695769.8,458643829,481077373.7,469869869.9,506900000,547203703.7,644411111.1,689285185.2,751233333.3,747862963,760170370.4,817759259.3,800414814.8,839770370.4,916566666.7,923155555.6,1008888889,1060740741,1078518519,1164814815,980740740.7
"Korea, Rep.",KOR,GDP (current US$),NY.GDP.MKTP.CD,2.47E+11,2.83E+11,3.31E+11,3.56E+11,3.93E+11,4.64E+11,5.67E+11,6.10E+11,5.70E+11,3.83E+11,4.98E+11,5.76E+11,5.48E+11,6.27E+11,7.03E+11,7.93E+11,9.35E+11,1.05E+12,1.17E+12,1.05E+12,9.44E+11,1.14E+12,1.25E+12,1.28E+12,1.37E+12,1.48E+12,1.47E+12,1.50E+12,1.62E+12,1.72E+12,1.65E+12,1.64E+12
Kuwait,KWT,GDP (current US$),NY.GDP.MKTP.CD,24312117767,18427777778,11008793176,19858555215,23941391391,24848483838,27191353887,31493319973,30355093966,25939960630,30123850197,37712842243,34887512227,38137545245,47876510067,59439090601,80798630137,1.02E+11,1.15E+11,1.47E+11,1.06E+11,1.15E+11,1.54E+11,1.74E+11,1.74E+11,1.63E+11,1.15E+11,1.09E+11,1.21E+11,1.38E+11,1.36E+11,1.06E+11
Lao PDR,LAO,GDP (current US$),NY.GDP.MKTP.CD,714046821.1,865559856.2,1028087972,1127806945,1327748655,1543606345,1763536305,1873671550,1747011857,1280177839,1454430642,1731198022,1768619058,1758176653,2023324407,2366398120,2735558726,3455031448,4223152219,5446434032,5836138127,7131773633,8750107402,10192848926,11983252611,13279248479,14426381187,15912495369,17071162084,18141651381,18897252233,19132635712
Lebanon,LBN,GDP (current US$),NY.GDP.MKTP.CD,2717998688,2838485354,4690415093,5843579161,7941744492,9599127050,11718795528,13690217333,15751867489,17247179006,17391056369,17260364842,17649751244,19152238806,20082918740,21159827992,21497336499,22022709852,24827355015,29118916106,35399582929,38443907042,39927125961,44035991893,46909335551,48133414840,50065946086,51389318291,53324800959,55276157552,51953744507,31735217785
St. Lucia,LCA,GDP (current US$),NY.GDP.MKTP.CD,486666666.7,579629629.6,613703703.7,674074074.1,684814814.8,713703703.7,762962963,788888888.9,805925925.9,877407407.4,921851851.9,932592592.6,892592592.6,900000000,987407407.4,1066666667,1135555556,1268319185,1336088815,1437731111,1401507889,1486758037,1576988407,1605146778,1664816741,1755130815,1808079889,1865513444,1996771444,2065127259,2118791556,1616772741
Sri Lanka,LKA,GDP (current US$),NY.GDP.MKTP.CD,6987267684,8032551173,9000362582,9703011636,10338679636,11717604209,13029697561,13897738375,15091913884,15794972847,15656327860,16330814180,15749753805,16536535647,18881765437,20662525941,24405791045,28279814925,32350248411,40713812310,42066217872,56725749222,65292753005,68434409315,74317806538,79356449841,80604080689,82401038710,87428128124,87963042341,83990946939,80676681934
Lesotho,LSO,GDP (current US$),NY.GDP.MKTP.CD,495404888.1,596415104.5,704329192.8,831033941.1,835592802.3,878250450.6,1001889857,946123275.9,997996028.6,928458206,912771290.6,887295267.9,825706961.2,775780697.7,1157832935,1511236656,1682350935,1800105590,1682016947,1766825413,1740830511,2234731974,2579421686,2477702253,2367113170,2441053176,2359759799,2114323794,2306843529,2514146888,2366213069,1875227642
Luxembourg,LUX,GDP (current US$),NY.GDP.MKTP.CD,10037674038,12778792854,13834219728,15518702635,15925521222,17701798891,20853093870,20895314658,19563836265,20150053345,21891923077,21177470978,21369028188,23537637869,29601904063,35000480507,37658234050,42874225317,51521903915,58604890874,54252213115,56159192758,61615545000,59779802783,65184744717,68713294386,60047430684,62174650367,65549868207,71250208996,70195715496,73353132794
"Macao SAR, China",MAC,GDP (current US$),NY.GDP.MKTP.CD,2705659767,3246477995,3765226191,4914391079,5665570561,6311194302,7046110595,7176892950,7267563603,6797764075,6547629475,6774193548,6860272608,7371723056,8246521717,10643215078,12160002996,14874147024,18439876056,21027044551,21587740942,28241858489,36845925519,43189526778,51536304808,54903031138,45047964934,45070605746,50440941939,55284360483,55204758070,25586111076
Morocco,MAR,GDP (current US$),NY.GDP.MKTP.CD,26314220188,30180108562,32285388165,33711069431,31655473664,35604137423,39030285468,43161452678,39147844526,41806219379,41632027600,38857251336,39459581217,42236836821,52064058834,59626020162,62343022651,68640825481,79041294874,92507257784,92897320376,93216746662,1.01E+11,98266306615,1.07E+11,1.10E+11,1.01E+11,1.03E+11,1.10E+11,1.18E+11,1.20E+11,1.15E+11
Monaco,MCO,GDP (current US$),NY.GDP.MKTP.CD,2010116851,2481316054,2480598884,2737192565,2574302409,2720310019,3130462610,3137673291,2840175545,2934498443,2906093757,2647885849,2718868306,2968987019,3601321065,4137913500,4203084194,4582988333,5867916781,6476490406,5451653237,5367625613,6088808463,5743029680,6555983530,7069616049,6261622101,6472990923,6431314957,7194024563,7383745662,6816219303
Madagascar,MDG,GDP (current US$),NY.GDP.MKTP.CD,3175638333,3931334871,3254713056,3714967007,4063298919,3522226903,3838101052,4931861239,4262965282,4401967499,4277903780,4629247091,5438332738,5351701534,6372498720,5064732716,5859269849,6395712392,8524620739,10725137931,9616879571,9982711338,11551819618,11578974888,12423555269,12522957228,11323020829,11848613735,13176313594,13760033097,14104664515,13056079982
Maldives,MDV,GDP (current US$),NY.GDP.MKTP.CD,189514434.2,215043969.8,244396761.9,284874919.6,322417837.2,356013395.7,398988955,450382328,508223602.4,540096397.6,589239753.6,624337145.3,870030468.6,897031250,1052121055,1226829563,1163362438,1575200391,1868383461,2271646188,2345294875,2588176055,2774351760,2886170572,3295011382,3697351597,4109424800,4379136462,4754175869,5300962660,5607762625,3742769967
Mexico,MEX,GDP (current US$),NY.GDP.MKTP.CD,2.21E+11,2.61E+11,3.13E+11,3.63E+11,5.01E+11,5.28E+11,3.60E+11,4.11E+11,5.00E+11,5.27E+11,6.00E+11,7.08E+11,7.57E+11,7.72E+11,7.29E+11,7.82E+11,8.77E+11,9.75E+11,1.05E+12,1.11E+12,9.00E+11,1.06E+12,1.18E+12,1.20E+12,1.27E+12,1.32E+12,1.17E+12,1.08E+12,1.16E+12,1.22E+12,1.27E+12,1.07E+12
Marshall Islands,MHL,GDP (current US$),NY.GDP.MKTP.CD,72798000,78476000,82507000,91063000,99461000,108071000,120230000,110858000,110705600,112279400,114326300,115347500,122824000,131738200,131398500,132440200,136559500,141515800,148346700,151898900,149769600,160407100,172188500,180436300,184840400,182142800,183814300,201510900,213204100,221588900,239462200,244462400
Mali,MLI,GDP (current US$),NY.GDP.MKTP.CD,2181810276,2681959313,2724101611,2830692639,2818306754,2081864106,2706416623,2780435257,2697102922,2920367497,3440743432,2961476518,3468327017,3908139487,4714051055,5454228771,6247496491,6905876385,8156532186,9838404005,10232036863,10689167195,12995113407,12442036265,13242691430,14364937997,13104764334,14026048691,15365714371,17070866299,17280251194,17465392916
Malta,MLT,GDP (current US$),NY.GDP.MKTP.CD,2118574772,2547163582,2750041434,3021910217,2709178327,2998570147,3720400535,3822882801,3793418418,4010571223,4121350732,4069515579,4088368978,4470446391,5448415500,6098092551,6416184181,6778324050,7925371475,9090406767,8696366907,9035932122,9638916481,9462238211,10551661177,11626281387,11091434484,11721521913,13221298308,14864712990,15215714309,14647384608
Myanmar,MMR,GDP (current US$),NY.GDP.MKTP.CD,1674823311,2036373523,2137184858,2216073328,2809748387,3821535780,4879259321,5759624742,5633071709,4613070975,5643818689,6849321646,6220271055,6110633154,7754647428,9390855298,10588433069,11863016315,15591182545,23013015832,29455165595,37796052939,54118601975,58318677645,60572254371,63264891867,63045306514,60291738935,61449391917,67144726168,68697761477,79852046611
Mongolia,MNG,GDP (current US$),NY.GDP.MKTP.CD,3576966800,2560785660,2379018326,1317611864,768401634.2,925817092.2,1452165005,1345719472,1180934203,1124440249,1057408589,1136896124,1267997934,1396555720,1595297356,1992066808,2523471532,3414055566,4234999823,5623216449,4583850368,7189481824,10409797649,12292770631,12582122604,12226514722,11619892396,11181350461,11480847745,13178094459,14206359007,13312981595
Mauritania,MRT,GDP (current US$),NY.GDP.MKTP.CD,1450647019,1506914408,2133688270,2164292208,1847350612,1944876755,2091731421,2132081882,2072001067,2032345832,1985924387,1779523344,1746064719,1777058593,2051147607,2362501023,2936019526,3919577286,4346206809,5206444407,4714592493,5628882266,6764635687,6728208836,7223063170,6592537782,6166857629,6398744505,6799075419,7354430040,7889662452,7913680231
Mauritius,MUS,GDP (current US$),NY.GDP.MKTP.CD,2181930255,2653480001,2856890681,3224267548,3263368410,3558137040,4040345933,4421943910,4187367602,4169664285,4343710333,4663313620,4613630623,4841310240,5816553827,6578844486,6488750453,7028803366,8150138757,9990370016,9128843109,10003670690,11518393367,11668685524,12129642296,12803445934,11692287066,12232463656,13259351418,14181951059,14045808843,10920606198
Malawi,MWI,GDP (current US$),NY.GDP.MKTP.CD,1590215583,1880771556,2203545857,1799517082,2070636936,1181802596,1397457932,2281034131,2663234934,1750584265,1775921718,1743506531,1716502862,3495748398,3208837077,3476094499,3655909664,3998020177,4432937046,5321012192,6191127665,6959655571,8004000737,6028487929,5518880769,6047813437,6373212641,5433040160,8943543677,9880675786,11025357838,12182348213
Malaysia,MYS,GDP (current US$),NY.GDP.MKTP.CD,38848567631,44024178343,49143148094,59167550163,66894837030,74478356958,88705342903,1.01E+11,1.00E+11,72167498981,79148421053,93789736842,92783947368,1.01E+11,1.10E+11,1.25E+11,1.44E+11,1.63E+11,1.94E+11,2.31E+11,2.02E+11,2.55E+11,2.98E+11,3.14E+11,3.23E+11,3.38E+11,3.01E+11,3.01E+11,3.19E+11,3.59E+11,3.65E+11,3.37E+11
North America,NAC,GDP (current US$),NY.GDP.MKTP.CD,6.21E+12,6.56E+12,6.77E+12,7.11E+12,7.44E+12,7.87E+12,8.25E+12,8.70E+12,9.24E+12,9.70E+12,1.03E+13,1.10E+13,1.13E+13,1.17E+13,1.24E+13,1.32E+13,1.42E+13,1.51E+13,1.59E+13,1.63E+13,1.58E+13,1.66E+13,1.73E+13,1.80E+13,1.86E+13,1.93E+13,1.98E+13,2.03E+13,2.12E+13,2.23E+13,2.32E+13,2.26E+13
Namibia,NAM,GDP (current US$),NY.GDP.MKTP.CD,2535113565,2789944498,2996885561,3429538534,3251230621,3666501464,3978497753,3989208662,4154955686,3873098656,3868541599,3922247990,3557333364,3349184760,4926471294,6609198833,7248394160,8001779551,8839526452,8607475308,8938868165,11431334447,12523402329,13042007432,12043276397,12435416060,11335179562,10721994677,12895153160,13682062249,12496781720,10619194505
Niger,NER,GDP (current US$),NY.GDP.MKTP.CD,2179567108,3512356353,3285796980,3386232592,3052673623,1938058161,2302537682,2405687081,2290318800,2643363407,2537790023,2241753120,2448714681,2782192987,3394084885,3760443966,4383315657,4756361480,5731485267,7297600897,7352131669,7851191899,8772951262,9426913349,10224897935,10862944204,9683867894,10398862245,11185102400,12808660528,12916455161,13741378450
Nigeria,NGA,GDP (current US$),NY.GDP.MKTP.CD,44003061108,54035795388,49118433048,47794925815,27752204320,33833042988,44062465800,51075815093,54457835193,54604050168,59372613486,69448756933,74030364472,95385819321,1.05E+11,1.36E+11,1.76E+11,2.36E+11,2.76E+11,3.39E+11,2.95E+11,3.61E+11,4.05E+11,4.56E+11,5.09E+11,5.47E+11,4.87E+11,4.05E+11,3.76E+11,3.97E+11,4.48E+11,4.32E+11
Nicaragua,NIC,GDP (current US$),NY.GDP.MKTP.CD,1013184746,1009455484,1488804124,1792800000,1756454248,3863185119,4140470000,4308351903,4389965591,4635267225,4855717875,5107329007,5323146566,5224213018,5322454926,5795568205,6321335612,6763418646,7423421958,8496946608,8298679909,8758592272,9774262742,10532006608,10982979274,11880434071,12756706583,13286083645,13785876629,13025239912,12611218627,12621505383
Netherlands,NLD,GDP (current US$),NY.GDP.MKTP.CD,2.58E+11,3.18E+11,3.28E+11,3.63E+11,3.54E+11,3.79E+11,4.52E+11,4.50E+11,4.17E+11,4.38E+11,4.47E+11,4.16E+11,4.31E+11,4.72E+11,5.79E+11,6.57E+11,6.85E+11,7.33E+11,8.47E+11,9.48E+11,8.68E+11,8.47E+11,9.04E+11,8.39E+11,8.77E+11,8.91E+11,7.65E+11,7.84E+11,8.32E+11,9.14E+11,9.10E+11,9.14E+11
Norway,NOR,GDP (current US$),NY.GDP.MKTP.CD,1.03E+11,1.20E+11,1.22E+11,1.31E+11,1.21E+11,1.27E+11,1.52E+11,1.64E+11,1.61E+11,1.54E+11,1.62E+11,1.71E+11,1.74E+11,1.96E+11,2.29E+11,2.65E+11,3.09E+11,3.46E+11,4.01E+11,4.62E+11,3.86E+11,4.29E+11,4.98E+11,5.10E+11,5.23E+11,4.98E+11,3.86E+11,3.69E+11,3.98E+11,4.37E+11,4.05E+11,3.62E+11
Nepal,NPL,GDP (current US$),NY.GDP.MKTP.CD,3525228153,3627562403,3921476085,3401211581,3660041667,4066775510,4401104418,4521580381,4918691917,4856255044,5033642384,5494252208,6007055042,6050875807,6330473097,7273938315,8130258041,9043715356,10325618017,12545438605,12854985464,16002656434,21621710003,21703106502,22162208956,22731602970,24360795410,24524098184,28971589213,33111525183,34186180695,33657175561
New Zealand,NZL,GDP (current US$),NY.GDP.MKTP.CD,43920222525,45495129385,42745329732,41649829860,46775620817,55314732279,63918703507,70140835299,66075143415,56227169851,58762260626,52623281957,53872425917,66627729311,88250885550,1.04E+11,1.15E+11,1.12E+11,1.37E+11,1.33E+11,1.21E+11,1.47E+11,1.68E+11,1.76E+11,1.91E+11,2.01E+11,1.78E+11,1.89E+11,2.07E+11,2.12E+11,2.13E+11,2.11E+11
Oman,OMN,GDP (current US$),NY.GDP.MKTP.CD,9372171651,11685045514,11341482445,12452275683,12493107932,12918855657,13802600780,15277763329,15837451235,13996914694,15593456177,19507452536,19452000520,20142756047,21633708192,24763712874,31081991678,37215779714,42085379454,60905452536,48388363589,64993498049,77497529259,87408842653,89936020806,92699089727,78710793238,75128738622,80856697009,91505851756,88060858257,73971391417
Pakistan,PAK,GDP (current US$),NY.GDP.MKTP.CD,40171018229,40010423970,45625234698,48884606848,51809949334,52293456906,60636022423,63320122807,62433300338,62191955814,62973855719,82017743416,79484403985,79904985385,91760542940,1.08E+11,1.20E+11,1.37E+11,1.52E+11,1.70E+11,1.68E+11,1.77E+11,2.14E+11,2.24E+11,2.31E+11,2.44E+11,2.71E+11,2.79E+11,3.05E+11,3.15E+11,2.79E+11,2.63E+11
Panama,PAN,GDP (current US$),NY.GDP.MKTP.CD,5918469800,6433967000,7074675500,8042337700,8782585400,9365289800,9573813700,9870494000,10677286100,11575486400,12130252200,12304115000,12502013400,12994310400,13693981200,15013381700,16374393900,18141666300,21295984230,25155888616,27116635565,29440287581,34686224301,40429734384,45599994005,49921464365,54091713776,57907695409,62202725204,64929409212,66984427150,53977036995
Peru,PER,GDP (current US$),NY.GDP.MKTP.CD,22499559086,26410386669,34341465998,35966302303,34832077221,44882079767,53312793687,55252414130,58147522523,55501467877,50187324568,51744749133,52030158775,54777553515,58731030122,66768703498,76060606061,88643193062,1.02E+11,1.21E+11,1.21E+11,1.48E+11,1.72E+11,1.93E+11,2.01E+11,2.01E+11,1.90E+11,1.92E+11,2.11E+11,2.23E+11,2.28E+11,2.02E+11
Philippines,PHL,GDP (current US$),NY.GDP.MKTP.CD,48513735777,50508286643,51784207132,60422309297,62036625223,73159245524,84644220102,94648084429,94106183450,74492325247,85640133800,83669693589,78921234457,84307291974,87039145965,95002028505,1.07E+11,1.28E+11,1.56E+11,1.82E+11,1.76E+11,2.08E+11,2.34E+11,2.62E+11,2.84E+11,2.97E+11,3.06E+11,3.19E+11,3.28E+11,3.47E+11,3.77E+11,3.61E+11
Papua New Guinea,PNG,GDP (current US$),NY.GDP.MKTP.CD,3546460177,3219730365,3787394958,4377980510,4974550286,5502786070,4636057476,5155311077,4936615299,3789443015,3477038204,3521339699,3081024212,2999511040,3536411824,3927157867,4865892972,8355006707,9545177014,11670840932,11619637799,14250755231,17984910502,21295659244,21261432791,23210682538,21723531173,20759069103,22742613554,24109509853,24751344552,24668899683
Puerto Rico,PRI,GDP (current US$),NY.GDP.MKTP.CD,28161200000,30603919000,32287031000,34630430000,36922456000,39690630000,42647331000,45340835000,48187039000,54086400000,57841000000,61701800000,69208400000,71623500000,74827400000,80322313000,83914521300,87276164400,89524131600,93639300000,96385600000,98381300000,1.00E+11,1.02E+11,1.02E+11,1.02E+11,1.03E+11,1.04E+11,1.03E+11,1.01E+11,1.05E+11,1.03E+11
Portugal,PRT,GDP (current US$),NY.GDP.MKTP.CD,60594092182,78713860217,89233599278,1.08E+11,95009751901,99688641304,1.18E+11,1.23E+11,1.17E+11,1.24E+11,1.27E+11,1.18E+11,1.21E+11,1.34E+11,1.65E+11,1.89E+11,1.97E+11,2.09E+11,2.40E+11,2.62E+11,2.44E+11,2.38E+11,2.45E+11,2.16E+11,2.26E+11,2.30E+11,1.99E+11,2.06E+11,2.21E+11,2.42E+11,2.40E+11,2.29E+11
Paraguay,PRY,GDP (current US$),NY.GDP.MKTP.CD,4757732200,5812114523,6984367763,7157424031,7249533620,7870982005,9062131475,9788391781,9965225678,9260481572,8837070236,8855705140,8495806432,7196260657,7691367471,9624440836,10737500188,13429430050,17856270473,24616537618,22355601273,27237782850,33756238767,33296438306,38651334288,40377987209,36211372703,36089550659,38997129474,40225448341,37906944075,35670301496
Qatar,QAT,GDP (current US$),NY.GDP.MKTP.CD,6487912088,7360439423,6883516484,7646153984,7156593654,7374450769,8137911978,9059340385,11297802115,10255495027,12393131868,17759890110,17538461538,19363736264,23533791209,31734065934,44530494505,60882142857,79712087912,1.15E+11,97798351648,1.25E+11,1.68E+11,1.87E+11,1.99E+11,2.06E+11,1.62E+11,1.52E+11,1.61E+11,1.83E+11,1.76E+11,1.44E+11
Romania,ROU,GDP (current US$),NY.GDP.MKTP.CD,42105263158,38995454545,28998684211,25121666667,26362894737,30074440483,37435317265,36937074278,35574916295,41694118973,35952781582,37253259017,40394824679,46066101951,57806506024,74972669057,98452791983,1.22E+11,1.75E+11,2.14E+11,1.74E+11,1.66E+11,1.83E+11,1.71E+11,1.91E+11,2.00E+11,1.78E+11,1.88E+11,2.12E+11,2.41E+11,2.50E+11,2.49E+11
Russian Federation,RUS,GDP (current US$),NY.GDP.MKTP.CD,5.07E+11,5.17E+11,5.18E+11,4.60E+11,4.35E+11,3.95E+11,3.96E+11,3.92E+11,4.05E+11,2.71E+11,1.96E+11,2.60E+11,3.07E+11,3.45E+11,4.30E+11,5.91E+11,7.64E+11,9.90E+11,1.30E+12,1.66E+12,1.22E+12,1.52E+12,2.05E+12,2.21E+12,2.29E+12,2.06E+12,1.36E+12,1.28E+12,1.57E+12,1.66E+12,1.69E+12,1.48E+12
Rwanda,RWA,GDP (current US$),NY.GDP.MKTP.CD,2405021933,2550185618,1911600970,2029026704,1971525999,753636370.5,1293535011,1382334879,1851558302,1989343495,2155659413,2067528500,1965444515,1964779921,2137093489,2375281627,2932213575,3317951468,4068065929,5177015141,5671332138,6121234529,6881038270,7650300320,7815599503,8241332517,8539048448,8690485823,9253098954,9640280084,10355974217,10333991456
Saudi Arabia,SAU,GDP (current US$),NY.GDP.MKTP.CD,95344352824,1.18E+11,1.32E+11,1.37E+11,1.33E+11,1.35E+11,1.43E+11,1.59E+11,1.66E+11,1.47E+11,1.62E+11,1.90E+11,1.84E+11,1.90E+11,2.16E+11,2.59E+11,3.28E+11,3.77E+11,4.16E+11,5.20E+11,4.29E+11,5.28E+11,6.71E+11,7.36E+11,7.47E+11,7.56E+11,6.54E+11,6.45E+11,6.89E+11,7.87E+11,7.93E+11,7.00E+11
Sudan,SDN,GDP (current US$),NY.GDP.MKTP.CD,15291507937,12408647541,11379222222,7034219713,8881785938,12794192334,13829744879,9018243044,11681494637,11250327988,10682045258,12257418326,15716489370,18136839087,21355576673,26645490675,35182105414,45264519503,59440139775,64831935604,51621044077,58962978034,55018567211,37632919967,43024018082,49516748618,51726758677,42630376000,41283617976,30964349685,26155799325,21329109522
Senegal,SEN,GDP (current US$),NY.GDP.MKTP.CD,6366039353,7390967035,7255210701,7769817869,7367985695,5034588159,6326342963,6559712551,6041478436,6505607633,6592835458,6013184809,6507824767,7006402592,8768721956,10076817278,11009032665,11697918803,13994218939,16853991177,16145868285,16121314671,17814284622,17660871726,18918668644,19797254643,17774766636,19040312815,20996564752,23116699808,23306213742,24644234595
Singapore,SGP,GDP (current US$),NY.GDP.MKTP.CD,30465364739,36144336769,45466164978,52130263966,60603478153,73690847191,87810991957,96295886525,1.00E+11,85728310229,86284660767,96074477958,89794943350,92537752709,97645448284,1.15E+11,1.28E+11,1.49E+11,1.81E+11,1.94E+11,1.94E+11,2.40E+11,2.79E+11,2.95E+11,3.08E+11,3.15E+11,3.08E+11,3.19E+11,3.43E+11,3.76E+11,3.74E+11,3.40E+11
Solomon Islands,SLB,GDP (current US$),NY.GDP.MKTP.CD,172681320.8,214727767.6,227641078.5,269116491.9,300843868.6,402868080.5,469479432.7,510598923.3,526514030.5,457679209.2,488001488.2,419933580.9,409435392.2,346431958.3,352522682.2,397611126.7,476898763.6,538668769.3,620230005.2,699157191,735940409.7,846797693.6,1049952233,1190994127,1284698922,1335538893,1307061544,1378551118,1483758907,1574599183,1570093229,1545888426
Sierra Leone,SLE,GDP (current US$),NY.GDP.MKTP.CD,932974411.9,649644826.8,779981458.9,679997997.6,768812334.8,911915970.7,870758739.4,941742152.7,850218033.6,672375927.3,669384768.9,635874002.2,1090467712,1253340520,1385810072,1448536631,1650494367,1885112202,2158496873,2505458705,2453899847,2578026297,2942546781,3801862611,4920343195,5015157816,4218723875,3674794530,3719369107,4085114794,4076578543,4063289450
El Salvador,SLV,GDP (current US$),NY.GDP.MKTP.CD,4372215300,4817542204,5252342400,5813399300,6680269200,7679384000,8921947100,9586327800,10221705900,10936669900,11284197000,11784927700,12282533600,12664190300,13243892200,13724810900,14698000000,15999890000,17011750000,17986890000,17601620000,18447920000,20283780000,21386150000,21990960000,22593470000,23438240000,24191430000,24979190000,26020850000,26896660000,24638720000
Suriname,SUR,GDP (current US$),NY.GDP.MKTP.CD,542600000,388400000,448100000,404600000,428764705.9,605492537.3,691590497.7,861411471.3,926422500,1110850000,886290697.7,947671969.7,834279357.8,1093574468,1274190311,1484092538,1793388732,2626380435,2936612022,3532969035,3875409836,4368398048,4422276622,4980000000,5145757576,5240606061,5126291451,3317438911,3591623596,3996247906,3984483762,2884248048
Sweden,SWE,GDP (current US$),NY.GDP.MKTP.CD,2.18E+11,2.62E+11,2.74E+11,2.84E+11,2.13E+11,2.29E+11,2.67E+11,2.92E+11,2.68E+11,2.71E+11,2.74E+11,2.63E+11,2.42E+11,2.67E+11,3.34E+11,3.85E+11,3.92E+11,4.23E+11,4.91E+11,5.18E+11,4.37E+11,4.96E+11,5.74E+11,5.52E+11,5.87E+11,5.82E+11,5.05E+11,5.16E+11,5.41E+11,5.55E+11,5.34E+11,5.41E+11
Eswatini,SWZ,GDP (current US$),NY.GDP.MKTP.CD,696915430.7,1114703088,1156141998,1284766234,1357206996,1419293455,1698982438,1602760100,1716699913,1576904292,1547884442,1738100853,1542477309,1432228125,2197612701,2770082792,3178126492,3291353836,3469363996,3294093485,3580417067,4438778424,4820499924,4886533033,4597532030,4422968340,4063245671,3816022047,4402969226,4665420239,4495679481,3972728948
Seychelles,SYC,GDP (current US$),NY.GDP.MKTP.CD,304832867.4,368584758.9,374359556.1,433667193.8,473916819.5,486451204.6,508221508.2,503068472.2,562958836.5,608369282.2,622985493.7,614879764.8,622262057.2,697518248.2,705704816,839319927.3,919103254.5,1016418229,1033561654,967199594,847397850.1,969936525.3,1065826670,1060226126,1328157609,1343007845,1377495054,1426651769,1528242026,1547690759,1582841059,1059886364
Chad,TCD,GDP (current US$),NY.GDP.MKTP.CD,1433686310,1738605558,1877138042,1881847677,1463251055,1179837955,1445919970,1607345450,1544689503,1744794457,1534673583,1388506727,1710843361,1997005787,2742815195,4422855929,6649307057,7428701809,8650138069,10393834721,9290728773,10668102735,12172309523,12367363678,12953535496,13940768066,10950392220,10097778354,10000395242,11239167048,11314951343,10829076802
Togo,TGO,GDP (current US$),NY.GDP.MKTP.CD,1352949663,1628427515,1602299863,1692959110,1233496846,982624324.5,1309382885,1465448290,1498950899,1587345951,1576672792,1491891108,1482437752,1706698099,2115836353,2259992642,2281482855,2351584608,2662612348,3323677130,3379258565,3429461495,3872459250,3873308389,4321655656,4574986537,4180866177,6031632168,6395472574,7112200725,7220395248,7574636979
Thailand,THA,GDP (current US$),NY.GDP.MKTP.CD,72250877410,85343063966,98234695722,1.11E+11,1.29E+11,1.47E+11,1.69E+11,1.83E+11,1.50E+11,1.14E+11,1.27E+11,1.26E+11,1.20E+11,1.34E+11,1.52E+11,1.73E+11,1.89E+11,2.22E+11,2.63E+11,2.91E+11,2.82E+11,3.41E+11,3.71E+11,3.98E+11,4.20E+11,4.07E+11,4.01E+11,4.13E+11,4.56E+11,5.07E+11,5.44E+11,5.02E+11
Tonga,TON,GDP (current US$),NY.GDP.MKTP.CD,106344855,113563821.6,132201141.4,137066290.6,138489884.4,195990986.2,208871665.7,222100576.3,214991452.3,191504892.8,199214633.2,204849612.6,181116952.8,182763693.9,202246959.7,230657965.5,261797606.1,292232117.1,298513956.2,344428609,312377379.3,366840012.4,414523388.5,470714083.4,450643615.2,439878828,437006227.2,420540178.6,460379145,489235527.4,512350059.4,488829964.1
Trinidad and Tobago,TTO,GDP (current US$),NY.GDP.MKTP.CD,4323058824,5068000000,5307905882,5439552941,4669488516,4947205860,5329214163,5759537726,5737751332,6043694330,6808982521,8154338233,8824873259,9008273721,11305459802,13280275123,15982282462,18369361094,21641620050,27871587350,19172165226,22157948396,25433011405,25763220107,27268478565,27615843098,24959858249,22386264807,22385426654,23679919655,23208326548,21588037505
Tunisia,TUN,GDP (current US$),NY.GDP.MKTP.CD,10102075213,12290568182,13074782609,15497286296,14608946896,15632463424,18030876599,19587322786,20746360430,21803372267,22943685719,21473261837,22066031834,23142153760,27453007373,31183059012,32273007554,34377310293,38914078352,44860969077,43454935940,46206331261,48122838145,47311196335,48683848564,50271342086,45780069047,44360775649,42163974956,42570270107,41804581484,41620349986
Turkey,TUR,GDP (current US$),NY.GDP.MKTP.CD,1.07E+11,1.51E+11,1.50E+11,1.58E+11,1.80E+11,1.31E+11,1.69E+11,1.81E+11,1.90E+11,2.76E+11,2.56E+11,2.74E+11,2.02E+11,2.40E+11,3.15E+11,4.09E+11,5.06E+11,5.57E+11,6.81E+11,7.70E+11,6.49E+11,7.77E+11,8.39E+11,8.81E+11,9.58E+11,9.39E+11,8.64E+11,8.70E+11,8.59E+11,7.78E+11,7.61E+11,7.20E+11
Tanzania,TZA,GDP (current US$),NY.GDP.MKTP.CD,4420168102,4258743263,4956588279,4601413264,4257702197,4510846968,5255221425,6496195451,7683852497,12270448700,12711213451,13375976354,13581644246,14142035080,15224257698,16675948415,18399046025,18649590248,21843529025,27941177435,29081425282,32014249841,34657139495,39650530214,45680532614,49964788814,47378599025,49774021003,53320625959,57003713611,61136873692,62409709111
Uganda,UGA,GDP (current US$),NY.GDP.MKTP.CD,5276480986,4304398866,3321729057,2857457860,3220439044,3990430447,5755818947,6044585327,6269333313,6584815847,5998563258,6193246837,5840503869,6178563591,6606884391,7939487474,9239221859,9977647645,11902564401,14440404021,25127805566,26673441667,27871725206,27305915761,28915786997,32612397758,32387183845,29203988815,30744473912,32927025573,35353060634,37600368181
Uruguay,URY,GDP (current US$),NY.GDP.MKTP.CD,8438951476,9298839655,11205971155,12878199881,15002106518,17474647792,19297663097,20515543039,23969823010,25385928189,23983945191,22823255802,20898788417,13606494599,12045631093,13686329890,17362857684,19579457966,23410572634,30366213119,31660911277,40284481652,47962439304,51264390116,57531233351,57236013086,53274304222,57236652490,64233966861,64515038268,61231149881,53628827440
United States,USA,GDP (current US$),NY.GDP.MKTP.CD,5.64E+12,5.96E+12,6.16E+12,6.52E+12,6.86E+12,7.29E+12,7.64E+12,8.07E+12,8.58E+12,9.06E+12,9.63E+12,1.03E+13,1.06E+13,1.09E+13,1.15E+13,1.22E+13,1.30E+13,1.38E+13,1.45E+13,1.47E+13,1.44E+13,1.50E+13,1.55E+13,1.62E+13,1.68E+13,1.75E+13,1.82E+13,1.87E+13,1.95E+13,2.06E+13,2.14E+13,2.10E+13
St. Vincent and the Grenadines,VCT,GDP (current US$),NY.GDP.MKTP.CD,214745002.2,240366666.7,254829629.6,277955555.6,286307407.4,289437037,316007407.4,331488888.9,347770370.4,373618518.5,390718518.5,396262963,430040740.7,461885185.2,481807407.4,521974074.1,550729629.6,610929629.6,684444444.4,695429629.6,674922222.2,681225925.9,676129629.6,692933333.3,721207407.4,727714814.8,755400000,774429629.6,792177777.8,811300000,825040740.7,807474074.1
Vietnam,VNM,GDP (current US$),NY.GDP.MKTP.CD,6293304975,6471740806,9613369520,9866990236,13180953598,16286433533,20736164459,24657470575,26843700442,27209602050,28683659007,31172518403,32685198735,35064105501,39552513316,45427854693,57633255618,66371664817,77414425532,99130304099,1.06E+11,1.16E+11,1.36E+11,1.56E+11,1.71E+11,1.86E+11,1.93E+11,2.05E+11,2.24E+11,2.45E+11,2.62E+11,2.71E+11
Vanuatu,VUT,GDP (current US$),NY.GDP.MKTP.CD,154013202.1,168879207.2,201334169.1,209088824.6,200491853.2,233701301.5,249333250.1,261370044.5,272771209.1,262293410.7,268006972.7,272014693.1,257926881.7,262596597.8,314471328.1,364996869.1,394962552.3,439376794.1,516392922.5,590748237,592622502.4,670713208.1,770153304.2,747839697.7,758304466.2,772315721.3,730870581.7,780889605.9,880043553.7,914727908.1,934521604.6,881547928.6
Samoa,WSM,GDP (current US$),NY.GDP.MKTP.CD,122888609.7,125766269.8,125597205.4,132303041.4,133122897.2,221098106.5,224865731.4,249908970.7,285475591.9,269481523.2,258833766.6,269019710.3,273088357.2,288078881.4,338838639.4,420320176.4,465568018.3,505832439.8,570469196.7,619260721.6,584706020.2,663155955,737147951.1,760319276,770059551,756805940.2,787958585.9,799493884.3,832025574,821286927.5,852007112.7,807100820.6
South Africa,ZAF,GDP (current US$),NY.GDP.MKTP.CD,99030856825,1.16E+11,1.24E+11,1.35E+11,1.47E+11,1.54E+11,1.72E+11,1.63E+11,1.69E+11,1.53E+11,1.52E+11,1.52E+11,1.35E+11,1.29E+11,1.97E+11,2.56E+11,2.89E+11,3.04E+11,3.33E+11,3.16E+11,3.30E+11,4.17E+11,4.58E+11,4.34E+11,4.01E+11,3.81E+11,3.47E+11,3.24E+11,3.81E+11,4.05E+11,3.88E+11,3.35E+11
Zambia,ZMB,GDP (current US$),NY.GDP.MKTP.CD,3998637681,3285217391,3378882353,3181921788,3273237853,3656647744,3807067122,3597220962,4303281932,3537683046,3404311977,3600683040,4094480988,4193845678,4901839731,6221077675,8331870169,12756858899,14056957976,17910858638,15328342304,20265559484,23459515276,25503060420,28037239463,27141023558,21251216799,20958412538,25873601261,26311590297,23308667781,18110631358
Zimbabwe,ZWE,GDP (current US$),NY.GDP.MKTP.CD,8286322700,8783816700,8641481700,6751472200,6563813300,6890675000,7111270700,8553146600,8529571600,6401968200,6858013100,6689957600,6777384700,6342116400,5727591800,5805598400,5755215200,5443896500,5291950100,4415702800,9665793300,12041655200,14101920300,17114849900,19091020000,19495519600,19963120600,20548678100,17584890937,18115543791,19284289739,18051170799